Data Entry Group Member,Route Number,Side of Street,Relative Spot Number,Absolute Spot Number,Regulation,6:00 AM,7:00 AM,8:00 AM,9:00 AM,10:00 AM,11:00 AM,12:00 PM,1:00 PM,2:00 PM,3:00 PM,4:00 PM,5:00 PM,6:00 PM,7:00 PM,8:00 PM,Street Name,Street Direction,Start Bound Street,End Bound Street
Ysabelle,1,Right,1,1,Resident Only,Unoccupied,Unoccupied,Unoccupied,Unoccupied,Unoccupied,Unoccupied,Unoccupied,Unoccupied,Unoccupied,Unoccupied,Unoccupied,Unoccupied,Unoccupied,Unoccupied,Unoccupied,Massachusetts Avenue,North,Shawmut Avenue,Chester Square - Entrance
Ysabelle,1,Right,2,2,Resident Only,Unoccupied,Unoccupied,Unoccupied,Unoccupied,Unoccupied,Unoccupied,Unoccupied,Unoccupied,Unoccupied,Unoccupied,Unoccupied,Unoccupied,Unoccupied,Unoccupied,Unoccupied,Massachusetts Avenue,North,Shawmut Avenue,Chester Square - Entrance
Ysabelle,1,Right,3,3,Resident Only,Unoccupied,Unoccupied,Unoccupied,Unoccupied,Unoccupied,Unoccupied,Unoccupied,Unoccupied,Unoccupied,Unoccupied,Unoccupied,Unoccupied,Unoccupied,Occupied,Occupied,Massachusetts Avenue,North,Shawmut Avenue,Chester Square - Entrance
Ysabelle,1,Right,4,4,Resident Only,Occupied,Unoccupied,Unoccupied,Unoccupied,Unoccupied,Unoccupied,Unoccupied,Unoccupied,Unoccupied,Unoccupied,Unoccupied,Occupied,Occupied,Occupied,Occupied,Massachusetts Avenue,North,Shawmut Avenue,Chester Square - Entrance
Ysabelle,1,Right,5,5,Resident Only,Occupied,Unoccupied,Unoccupied,Unoccupied,Unoccupied,Unoccupied,Unoccupied,Unoccupied,Unoccupied,Unoccupied,Unoccupied,Occupied,Occupied,Occupied,Occupied,Massachusetts Avenue,North,Shawmut Avenue,Chester Square - Entrance
Ysabelle,1,Right,6,6,Resident Only,Unoccupied,Unoccupied,Unoccupied,Unoccupied,Unoccupied,Unoccupied,Unoccupied,Unoccupied,Unoccupied,Unoccupied,Unoccupied,Occupied,Occupied,Unoccupied,Occupied,Massachusetts Avenue,North,Shawmut Avenue,Chester Square - Entrance
Ysabelle,1,Right,7,7,Resident Only,Occupied,Unoccupied,Unoccupied,Unoccupied,Unoccupied,Unoccupied,Unoccupied,Unoccupied,Unoccupied,Unoccupied,Unoccupied,Unoccupied,Unoccupied,Occupied,Occupied,Massachusetts Avenue,North,Shawmut Avenue,Chester Square - Entrance
Ysabelle,2,Right,1,8,Resident Only,Unoccupied,Unoccupied,Unoccupied,Unoccupied,Unoccupied,Unoccupied,Unoccupied,Unoccupied,Unoccupied,Unoccupied,Unoccupied,Unoccupied,Unoccupied,Unoccupied,Unoccupied,Chester Square,North,Massachusetts Avenue,Massachusetts Avenue
Ysabelle,2,Right,2,9,Resident Only,Occupied,Unoccupied,Unoccupied,Unoccupied,Unoccupied,Unoccupied,Unoccupied,Unoccupied,Unoccupied,Unoccupied,Unoccupied,Unoccupied,Unoccupied,Unoccupied,Unoccupied,Chester Square,North,Massachusetts Avenue,Massachusetts Avenue
Ysabelle,2,Right,3,10,Resident Only,Unoccupied,Unoccupied,Unoccupied,Unoccupied,Unoccupied,Unoccupied,Unoccupied,Unoccupied,Unoccupied,Unoccupied,Unoccupied,Unoccupied,Unoccupied,Unoccupied,Unoccupied,Chester Square,North,Massachusetts Avenue,Massachusetts Avenue
Ysabelle,2,Right,4,11,Resident Only,Unoccupied,Unoccupied,Unoccupied,Unoccupied,Unoccupied,Unoccupied,Unoccupied,Unoccupied,Unoccupied,Unoccupied,Unoccupied,Unoccupied,Unoccupied,Unoccupied,Unoccupied,Chester Square,North,Massachusetts Avenue,Massachusetts Avenue
Ysabelle,2,Right,5,12,Resident Only,Unoccupied,Unoccupied,Unoccupied,Unoccupied,Unoccupied,Unoccupied,Unoccupied,Unoccupied,Unoccupied,Unoccupied,Unoccupied,Unoccupied,Unoccupied,Unoccupied,Unoccupied,Chester Square,North,Massachusetts Avenue,Massachusetts Avenue
Ysabelle,2,Right,6,13,Resident Only,Unoccupied,Unoccupied,Unoccupied,Unoccupied,Unoccupied,Unoccupied,Unoccupied,Unoccupied,Unoccupied,Unoccupied,Unoccupied,Unoccupied,Unoccupied,Unoccupied,Unoccupied,Chester Square,North,Massachusetts Avenue,Massachusetts Avenue
Ysabelle,2,Right,7,14,Resident Only,Unoccupied,Unoccupied,Unoccupied,Unoccupied,Unoccupied,Unoccupied,Unoccupied,Unoccupied,Unoccupied,Unoccupied,Unoccupied,Unoccupied,Unoccupied,Unoccupied,Unoccupied,Chester Square,North,Massachusetts Avenue,Massachusetts Avenue
Ysabelle,2,Right,8,15,Resident Only,Unoccupied,Unoccupied,Unoccupied,Unoccupied,Unoccupied,Unoccupied,Unoccupied,Unoccupied,Unoccupied,Unoccupied,Unoccupied,Unoccupied,Unoccupied,Unoccupied,Occupied,Chester Square,North,Massachusetts Avenue,Massachusetts Avenue
Ysabelle,2,Right,9,16,Resident Only,Unoccupied,Unoccupied,Unoccupied,Unoccupied,Unoccupied,Unoccupied,Unoccupied,Unoccupied,Unoccupied,Unoccupied,Unoccupied,Unoccupied,Unoccupied,Unoccupied,Unoccupied,Chester Square,North,Massachusetts Avenue,Massachusetts Avenue
Ysabelle,2,Right,10,17,Resident Only,Unoccupied,Unoccupied,Unoccupied,Unoccupied,Unoccupied,Unoccupied,Unoccupied,Unoccupied,Unoccupied,Unoccupied,Unoccupied,Unoccupied,Unoccupied,Unoccupied,Unoccupied,Chester Square,North,Massachusetts Avenue,Massachusetts Avenue
Ysabelle,2,Right,11,18,Resident Only,Unoccupied,Unoccupied,Unoccupied,Unoccupied,Unoccupied,Unoccupied,Unoccupied,Unoccupied,Unoccupied,Unoccupied,Unoccupied,Unoccupied,Unoccupied,Unoccupied,Unoccupied,Chester Square,North,Massachusetts Avenue,Massachusetts Avenue
Ysabelle,2,Right,1,19,Resident Only,Unoccupied,Unoccupied,Unoccupied,Unoccupied,Unoccupied,Unoccupied,Unoccupied,Unoccupied,Unoccupied,Unoccupied,Unoccupied,Unoccupied,Unoccupied,Unoccupied,Unoccupied,Chester Square,North,Massachusetts Avenue,Massachusetts Avenue
Ysabelle,2,Right,2,20,Resident Only,Unoccupied,Unoccupied,Unoccupied,Unoccupied,Unoccupied,Unoccupied,Unoccupied,Unoccupied,Unoccupied,Unoccupied,Unoccupied,Unoccupied,Unoccupied,Unoccupied,Unoccupied,Chester Square,North,Massachusetts Avenue,Massachusetts Avenue
Ysabelle,2,Right,3,21,Resident Only,Unoccupied,Unoccupied,Unoccupied,Unoccupied,Unoccupied,Unoccupied,Unoccupied,Unoccupied,Unoccupied,Unoccupied,Unoccupied,Unoccupied,Unoccupied,Unoccupied,Unoccupied,Chester Square,North,Massachusetts Avenue,Massachusetts Avenue
Ysabelle,2,Right,4,22,Resident Only,Occupied,Occupied,Occupied,Occupied,Occupied,Unoccupied,Unoccupied,Unoccupied,Unoccupied,Unoccupied,Unoccupied,Unoccupied,Unoccupied,Unoccupied,Occupied,Chester Square,North,Massachusetts Avenue,Massachusetts Avenue
Ysabelle,2,Right,5,23,Resident Only,Unoccupied,Unoccupied,Unoccupied,Occupied,Unoccupied,Unoccupied,Unoccupied,Unoccupied,Unoccupied,Unoccupied,Unoccupied,Unoccupied,Unoccupied,Unoccupied,Unoccupied,Chester Square,North,Massachusetts Avenue,Massachusetts Avenue
Ysabelle,2,Right,6,24,Resident Only,Occupied,Occupied,Occupied,Unoccupied,Unoccupied,Unoccupied,Unoccupied,Unoccupied,Unoccupied,Unoccupied,Unoccupied,Unoccupied,Unoccupied,Unoccupied,Unoccupied,Chester Square,North,Massachusetts Avenue,Massachusetts Avenue
Ysabelle,2,Right,7,25,Resident Only,Unoccupied,Unoccupied,Unoccupied,Unoccupied,Unoccupied,Unoccupied,Unoccupied,Unoccupied,Unoccupied,Unoccupied,Unoccupied,Unoccupied,Unoccupied,Unoccupied,Unoccupied,Chester Square,North,Massachusetts Avenue,Massachusetts Avenue
Ysabelle,2,Right,8,26,Resident Only,Unoccupied,Unoccupied,Unoccupied,Unoccupied,Unoccupied,Unoccupied,Unoccupied,Unoccupied,Unoccupied,Unoccupied,Unoccupied,Unoccupied,Unoccupied,Unoccupied,Unoccupied,Chester Square,North,Massachusetts Avenue,Massachusetts Avenue
Ysabelle,2,Right,9,27,Resident Only,Unoccupied,Unoccupied,Unoccupied,Unoccupied,Unoccupied,Unoccupied,Unoccupied,Unoccupied,Unoccupied,Unoccupied,Unoccupied,Unoccupied,Occupied,Occupied,Occupied,Chester Square,North,Massachusetts Avenue,Massachusetts Avenue
Ysabelle,2,Right,10,28,Resident Only,Occupied,Unoccupied,Unoccupied,Unoccupied,Unoccupied,Unoccupied,Unoccupied,Unoccupied,Unoccupied,Unoccupied,Unoccupied,Unoccupied,Occupied,Occupied,Occupied,Chester Square,North,Massachusetts Avenue,Massachusetts Avenue
Ysabelle,2,Right,11,29,Resident Only,Occupied,Unoccupied,Unoccupied,Occupied,Occupied,Unoccupied,Unoccupied,Unoccupied,Unoccupied,Unoccupied,Unoccupied,Unoccupied,Unoccupied,Unoccupied,Unoccupied,Chester Square,North,Massachusetts Avenue,Massachusetts Avenue
Ysabelle,3a,Right,1,30,Resident Only,Unoccupied,Occupied,Occupied,Occupied,Occupied,Occupied,Occupied,Occupied,Unoccupied,Unoccupied,Occupied,Unoccupied,Occupied,Occupied,Unoccupied,Massachusetts Avenue,North,Chester Square - Entrance,Chester Square - Exit
Ysabelle,3a,Right,2,31,Resident Only,Occupied,Occupied,Occupied,Occupied,Occupied,Occupied,Occupied,Occupied,Occupied,Occupied,Occupied,Occupied,Occupied,Occupied,Occupied,Massachusetts Avenue,North,Chester Square - Entrance,Chester Square - Exit
Ysabelle,3a,Right,3,32,Resident Only,Occupied,Occupied,Occupied,Unoccupied,Occupied,Occupied,Occupied,Occupied,Occupied,Occupied,Occupied,Occupied,Unoccupied,Occupied,Occupied,Massachusetts Avenue,North,Chester Square - Entrance,Chester Square - Exit
Ysabelle,3a,Right,4,33,Resident Only,Unoccupied,Unoccupied,Unoccupied,Unoccupied,Unoccupied,Unoccupied,Unoccupied,Unoccupied,Unoccupied,Unoccupied,Unoccupied,Unoccupied,Unoccupied,Unoccupied,Unoccupied,Massachusetts Avenue,North,Chester Square - Entrance,Chester Square - Exit
Ysabelle,3a,Right,1,34,Resident Only,Occupied,Occupied,Occupied,Occupied,Occupied,Occupied,Occupied,Occupied,Occupied,Occupied,Unoccupied,Unoccupied,Unoccupied,Unoccupied,Unoccupied,Massachusetts Avenue,North,Chester Square - Entrance,Chester Square - Exit
Ysabelle,3a,Right,2,35,Resident Only,Unoccupied,Unoccupied,Unoccupied,Unoccupied,Occupied,Occupied,Unoccupied,Unoccupied,Unoccupied,Unoccupied,Unoccupied,Unoccupied,Unoccupied,Occupied,Occupied,Massachusetts Avenue,North,Chester Square - Entrance,Chester Square - Exit
Ysabelle,3a,Right,3,36,Resident Only,Occupied,Occupied,Occupied,Unoccupied,Unoccupied,Unoccupied,Occupied,Occupied,Occupied,Occupied,Occupied,Unoccupied,Occupied,Occupied,Occupied,Massachusetts Avenue,North,Chester Square - Entrance,Chester Square - Exit
Ysabelle,3a,Right,4,37,Resident Only,Occupied,Occupied,Occupied,Occupied,Occupied,Occupied,Occupied,Occupied,Occupied,Occupied,Occupied,Occupied,Occupied,Occupied,Unoccupied,Massachusetts Avenue,North,Chester Square - Entrance,Chester Square - Exit
Ysabelle,3a,Right,1,38,Resident Only,Occupied,Occupied,Occupied,Occupied,Occupied,Occupied,Occupied,Occupied,Occupied,Occupied,Occupied,Occupied,Unoccupied,Unoccupied,Unoccupied,Massachusetts Avenue,North,Chester Square - Entrance,Chester Square - Exit
Ysabelle,3a,Right,2,39,Resident Only,Occupied,Occupied,Occupied,Occupied,Occupied,Occupied,Occupied,Occupied,Occupied,Occupied,Occupied,Occupied,Occupied,Occupied,Unoccupied,Massachusetts Avenue,North,Chester Square - Entrance,Chester Square - Exit
Ysabelle,3a,Right,3,40,Resident Only,Occupied,Occupied,Occupied,Occupied,Occupied,Occupied,Occupied,Unoccupied,Unoccupied,Unoccupied,Unoccupied,Unoccupied,Unoccupied,Unoccupied,Unoccupied,Massachusetts Avenue,North,Chester Square - Entrance,Chester Square - Exit
Ysabelle,3a,Right,4,41,Resident Only,Unoccupied,Unoccupied,Unoccupied,Unoccupied,Unoccupied,Unoccupied,Unoccupied,Occupied,Occupied,Unoccupied,Occupied,Unoccupied,Unoccupied,Unoccupied,Unoccupied,Massachusetts Avenue,North,Chester Square - Entrance,Chester Square - Exit
Ysabelle,3a,Right,1,42,Resident Only,Occupied,Occupied,Unoccupied,Unoccupied,Occupied,Occupied,Occupied,Occupied,Occupied,Occupied,Unoccupied,Unoccupied,Unoccupied,Unoccupied,Unoccupied,Massachusetts Avenue,North,Chester Square - Entrance,Chester Square - Exit
Ysabelle,3a,Right,2,43,Resident Only,Occupied,Occupied,Occupied,Occupied,Occupied,Occupied,Occupied,Occupied,Occupied,Occupied,Unoccupied,Unoccupied,Occupied,Unoccupied,Occupied,Massachusetts Avenue,North,Chester Square - Entrance,Chester Square - Exit
Ysabelle,3a,Right,3,44,Resident Only,Occupied,Unoccupied,Occupied,Occupied,Occupied,Occupied,Occupied,Occupied,Occupied,Occupied,Occupied,Occupied,Occupied,Occupied,Occupied,Massachusetts Avenue,North,Chester Square - Entrance,Chester Square - Exit
Ysabelle,3a,Right,4,45,Resident Only,Occupied,Occupied,Occupied,Occupied,Occupied,Occupied,Occupied,Occupied,Occupied,Occupied,Occupied,Occupied,Occupied,Occupied,Occupied,Massachusetts Avenue,North,Chester Square - Entrance,Chester Square - Exit
Ysabelle,3a,Right,1,46,Resident Only,Unoccupied,Occupied,Occupied,Occupied,Occupied,Occupied,Occupied,Occupied,Unoccupied,Unoccupied,Unoccupied,Unoccupied,Unoccupied,Occupied,Unoccupied,Massachusetts Avenue,North,Chester Square - Entrance,Chester Square - Exit
Ysabelle,3a,Right,2,47,Resident Only,Occupied,Occupied,Occupied,Occupied,Occupied,Unoccupied,Unoccupied,Unoccupied,Unoccupied,Unoccupied,Unoccupied,Unoccupied,Unoccupied,Occupied,Unoccupied,Massachusetts Avenue,North,Chester Square - Entrance,Chester Square - Exit
Ysabelle,3a,Right,3,48,Resident Only,Unoccupied,Occupied,Occupied,Occupied,Occupied,Occupied,Occupied,Occupied,Occupied,Occupied,Occupied,Occupied,Occupied,Occupied,Occupied,Massachusetts Avenue,North,Chester Square - Entrance,Chester Square - Exit
Ysabelle,3a,Right,4,49,Resident Only,Unoccupied,Unoccupied,Unoccupied,Unoccupied,Unoccupied,Occupied,Occupied,Occupied,Occupied,Unoccupied,Unoccupied,Unoccupied,Unoccupied,Unoccupied,Unoccupied,Massachusetts Avenue,North,Chester Square - Entrance,Chester Square - Exit
Ysabelle,3a,Right,1,50,Resident Only,Occupied,Occupied,Occupied,Occupied,Occupied,Occupied,Occupied,Occupied,Occupied,Occupied,Occupied,Occupied,Unoccupied,Occupied,Unoccupied,Massachusetts Avenue,North,Chester Square - Entrance,Chester Square - Exit
Ysabelle,3a,Right,2,51,Resident Only,Occupied,Occupied,Occupied,Occupied,Occupied,Occupied,Occupied,Occupied,Occupied,Occupied,Occupied,Occupied,Occupied,Occupied,Occupied,Massachusetts Avenue,North,Chester Square - Entrance,Chester Square - Exit
Ysabelle,3a,Right,3,52,Resident Only,Occupied,Unoccupied,Unoccupied,Unoccupied,Unoccupied,Occupied,Occupied,Occupied,Occupied,Occupied,Occupied,Occupied,Occupied,Occupied,Occupied,Massachusetts Avenue,North,Chester Square - Entrance,Chester Square - Exit
Ysabelle,3a,Right,4,53,Resident Only,Unoccupied,Unoccupied,Unoccupied,Unoccupied,Unoccupied,Unoccupied,Unoccupied,Unoccupied,Unoccupied,Unoccupied,Unoccupied,Unoccupied,Unoccupied,Unoccupied,Unoccupied,Massachusetts Avenue,North,Chester Square - Entrance,Chester Square - Exit
Ysabelle,3b,Right,1,54,Unrestricted,Occupied,Occupied,Unoccupied,Unoccupied,Unoccupied,Occupied,Occupied,Occupied,Occupied,Occupied,Occupied,Occupied,Occupied,Occupied,Occupied,Massachusetts Avenue,North,Chester Square - Exit,Tremont Street
Ysabelle,3b,Right,1,55,Unrestricted,Occupied,Occupied,Unoccupied,Occupied,Occupied,Occupied,Occupied,Occupied,Occupied,Occupied,Occupied,Occupied,Occupied,Occupied,Occupied,Massachusetts Avenue,North,Chester Square - Exit,Tremont Street
Ysabelle,3b,Right,2,56,Unrestricted,Occupied,Occupied,Occupied,Occupied,Occupied,Occupied,Occupied,Occupied,Occupied,Occupied,Occupied,Occupied,Unoccupied,Occupied,Occupied,Massachusetts Avenue,North,Chester Square - Exit,Tremont Street
Ysabelle,3b,Right,3,57,Unrestricted,Occupied,Occupied,Occupied,Occupied,Occupied,Occupied,Occupied,Occupied,Occupied,Occupied,Occupied,Occupied,Occupied,Occupied,Occupied,Massachusetts Avenue,North,Chester Square - Exit,Tremont Street
Ysabelle,3b,Right,4,58,Unrestricted,Occupied,Occupied,Occupied,Unoccupied,Unoccupied,Unoccupied,Unoccupied,Unoccupied,Occupied,Occupied,Occupied,Unoccupied,Unoccupied,Unoccupied,Occupied,Massachusetts Avenue,North,Chester Square - Exit,Tremont Street
Ysabelle,3b,Right,1,59,Unrestricted,Unoccupied,Occupied,Occupied,Occupied,Occupied,Occupied,Occupied,Occupied,Occupied,Occupied,Occupied,Unoccupied,Unoccupied,Occupied,Occupied,Massachusetts Avenue,North,Chester Square - Exit,Tremont Street
Ysabelle,3b,Right,2,60,Unrestricted,Occupied,Occupied,Occupied,Unoccupied,Occupied,Occupied,Occupied,Occupied,Occupied,Unoccupied,Occupied,Occupied,Unoccupied,Unoccupied,Unoccupied,Massachusetts Avenue,North,Chester Square - Exit,Tremont Street
Ysabelle,3b,Right,3,61,Unrestricted,Occupied,Occupied,Unoccupied,Unoccupied,Unoccupied,Occupied,Occupied,Occupied,Occupied,Occupied,Occupied,Unoccupied,Unoccupied,Unoccupied,Unoccupied,Massachusetts Avenue,North,Chester Square - Exit,Tremont Street
Ysabelle,4,Right,1,62,Metered,Occupied,Unoccupied,Occupied,Unoccupied,Occupied,Unoccupied,Occupied,Unoccupied,Unoccupied,Unoccupied,Occupied,Unoccupied,Occupied,Occupied,Occupied,Tremont Street,West,Massachusetts Avenue,W. Springfield Street
Ysabelle,4,Right,2,63,Metered,Occupied,Occupied,Occupied,Unoccupied,Occupied,Occupied,Occupied,Unoccupied,Occupied,Unoccupied,Unoccupied,Unoccupied,Unoccupied,Occupied,Occupied,Tremont Street,West,Massachusetts Avenue,W. Springfield Street
Ysabelle,4,Right,3,64,Metered,Occupied,Occupied,Occupied,Occupied,Occupied,Occupied,Occupied,Occupied,Unoccupied,Occupied,Unoccupied,Unoccupied,Occupied,Occupied,Occupied,Tremont Street,West,Massachusetts Avenue,W. Springfield Street
Ysabelle,4,Right,4,65,Metered,Occupied,Occupied,Occupied,Occupied,Occupied,Occupied,Occupied,Occupied,Occupied,Occupied,Occupied,Unoccupied,Occupied,Occupied,Occupied,Tremont Street,West,Massachusetts Avenue,W. Springfield Street
Ysabelle,5,Right,1,66,Metered,Occupied,Occupied,Unoccupied,Unoccupied,Occupied,Occupied,Occupied,Occupied,Unoccupied,Unoccupied,Unoccupied,Unoccupied,Occupied,Occupied,Occupied,Tremont Street,East,W. Springfield Street,Massachusetts Avenue
Ysabelle,5,Right,2,67,Metered,Occupied,Occupied,Unoccupied,Unoccupied,Unoccupied,Occupied,Occupied,Unoccupied,Occupied,Unoccupied,Unoccupied,Occupied,Occupied,Occupied,Occupied,Tremont Street,East,W. Springfield Street,Massachusetts Avenue
Ysabelle,5,Right,3,68,Metered,Occupied,Occupied,Occupied,Occupied,Occupied,Occupied,Occupied,Occupied,Occupied,Occupied,Occupied,Occupied,Occupied,Occupied,Occupied,Tremont Street,East,W. Springfield Street,Massachusetts Avenue
Ysabelle,5,Right,4,69,Metered,Occupied,Occupied,Unoccupied,Unoccupied,Occupied,Occupied,Unoccupied,Occupied,Occupied,Occupied,Unoccupied,Unoccupied,Occupied,Occupied,Occupied,Tremont Street,East,W. Springfield Street,Massachusetts Avenue
Ysabelle,6,Right,1,70,Unrestricted,Occupied,Occupied,Occupied,Occupied,Occupied,Occupied,Occupied,Occupied,Unoccupied,Occupied,Occupied,Occupied,Occupied,Occupied,Occupied,Tremont Street,East,Massachusetts Avenue,Northampton Street
Ysabelle,6,Right,2,71,Unrestricted,Occupied,Occupied,Occupied,Occupied,Occupied,Occupied,Occupied,Occupied,Occupied,Occupied,Occupied,Occupied,Occupied,Occupied,Occupied,Tremont Street,East,Massachusetts Avenue,Northampton Street
Ysabelle,6,Right,3,72,Unrestricted,Occupied,Occupied,Occupied,Occupied,Occupied,Occupied,Occupied,Occupied,Occupied,Occupied,Occupied,Occupied,Occupied,Occupied,Occupied,Tremont Street,East,Massachusetts Avenue,Northampton Street
Ysabelle,6,Right,4,73,Unrestricted,Unoccupied,Unoccupied,Unoccupied,Unoccupied,Unoccupied,Unoccupied,Unoccupied,Unoccupied,Unoccupied,Occupied,Occupied,Occupied,Occupied,Occupied,Occupied,Tremont Street,East,Massachusetts Avenue,Northampton Street
Ysabelle,6,Right,1,74,Unrestricted,Occupied,Occupied,Unoccupied,Unoccupied,Unoccupied,Occupied,Occupied,Unoccupied,Unoccupied,Unoccupied,Unoccupied,Occupied,Unoccupied,Occupied,Occupied,Tremont Street,East,Massachusetts Avenue,Northampton Street
Ysabelle,6,Right,2,75,Unrestricted,Unoccupied,Unoccupied,Unoccupied,Unoccupied,Unoccupied,Unoccupied,Unoccupied,Unoccupied,Unoccupied,Unoccupied,Unoccupied,Unoccupied,Unoccupied,Unoccupied,Unoccupied,Tremont Street,East,Massachusetts Avenue,Northampton Street
Ysabelle,6,Right,1,76,Unrestricted,Unoccupied,Unoccupied,Unoccupied,Unoccupied,Unoccupied,Unoccupied,Unoccupied,Unoccupied,Unoccupied,Unoccupied,Unoccupied,Unoccupied,Unoccupied,Unoccupied,Unoccupied,Tremont Street,East,Massachusetts Avenue,Northampton Street
Ysabelle,7,Right,1,77,Unrestricted,Occupied,Occupied,Occupied,Occupied,Occupied,Occupied,Occupied,Occupied,Occupied,Occupied,Occupied,Occupied,Occupied,Occupied,Occupied,Tremont Street,West,Northampton Street,Massachusetts Avenue
Ysabelle,7,Right,2,78,Unrestricted,Occupied,Occupied,Occupied,Occupied,Occupied,Occupied,Occupied,Occupied,Occupied,Occupied,Occupied,Occupied,Occupied,Occupied,Occupied,Tremont Street,West,Northampton Street,Massachusetts Avenue
Ysabelle,7,Right,1,79,Unrestricted,Occupied,Occupied,Occupied,Occupied,Occupied,Occupied,Occupied,Occupied,Occupied,Occupied,Occupied,Occupied,Occupied,Occupied,Occupied,Tremont Street,West,Northampton Street,Massachusetts Avenue
Ysabelle,7,Right,2,80,Unrestricted,Occupied,Occupied,Occupied,Occupied,Occupied,Occupied,Occupied,Occupied,Occupied,Occupied,Occupied,Unoccupied,Occupied,Occupied,Occupied,Tremont Street,West,Northampton Street,Massachusetts Avenue
Ysabelle,7,Right,3,81,Unrestricted,Occupied,Occupied,Occupied,Occupied,Occupied,Occupied,Occupied,Occupied,Occupied,Occupied,Occupied,Occupied,Occupied,Occupied,Occupied,Tremont Street,West,Northampton Street,Massachusetts Avenue
Ysabelle,7,Right,1,82,Unrestricted,Occupied,Occupied,Occupied,Unoccupied,Occupied,Occupied,Occupied,Occupied,Unoccupied,Occupied,Occupied,Occupied,Occupied,Occupied,Occupied,Tremont Street,West,Northampton Street,Massachusetts Avenue
Ysabelle,7,Right,2,83,Unrestricted,Unoccupied,Unoccupied,Unoccupied,Unoccupied,Unoccupied,Unoccupied,Unoccupied,Unoccupied,Unoccupied,Unoccupied,Unoccupied,Unoccupied,Unoccupied,Unoccupied,Unoccupied,Tremont Street,West,Northampton Street,Massachusetts Avenue
Ysabelle,7,Right,1,84,Unrestricted,Occupied,Occupied,Unoccupied,Unoccupied,Occupied,Occupied,Occupied,Occupied,Occupied,Occupied,Occupied,Unoccupied,Unoccupied,Unoccupied,Unoccupied,Tremont Street,West,Northampton Street,Massachusetts Avenue
Ysabelle,7,Right,2,85,Unrestricted,Occupied,Occupied,Occupied,Occupied,Occupied,Unoccupied,Unoccupied,Unoccupied,Unoccupied,Unoccupied,Unoccupied,Unoccupied,Occupied,Occupied,Occupied,Tremont Street,West,Northampton Street,Massachusetts Avenue
Ysabelle,8,Right,1,86,Unrestricted,Occupied,Unoccupied,Occupied,Occupied,Occupied,Occupied,Occupied,Occupied,Occupied,Occupied,Occupied,Occupied,Occupied,Occupied,Occupied,Massachusetts Avenue,South,Tremont Street,Chester Square - Entrance
Ysabelle,8,Right,2,87,Unrestricted,Occupied,Occupied,Occupied,Occupied,Unoccupied,Occupied,Occupied,Occupied,Occupied,Occupied,Occupied,Occupied,Occupied,Occupied,Occupied,Massachusetts Avenue,South,Tremont Street,Chester Square - Entrance
Ysabelle,8,Right,3,88,Unrestricted,Unoccupied,Unoccupied,Unoccupied,Unoccupied,Unoccupied,Unoccupied,Unoccupied,Unoccupied,Unoccupied,Unoccupied,Unoccupied,Unoccupied,Unoccupied,Unoccupied,Unoccupied,Massachusetts Avenue,South,Tremont Street,Chester Square - Entrance
Ysabelle,8,Right,4,89,Unrestricted,Occupied,Occupied,Occupied,Occupied,Occupied,Occupied,Occupied,Occupied,Occupied,Occupied,Occupied,Unoccupied,Occupied,Occupied,Occupied,Massachusetts Avenue,South,Tremont Street,Chester Square - Entrance
Ysabelle,8,Right,1,90,Unrestricted,Occupied,Occupied,Occupied,Occupied,Occupied,Occupied,Occupied,Occupied,Occupied,Occupied,Occupied,Occupied,Occupied,Occupied,Occupied,Massachusetts Avenue,South,Tremont Street,Chester Square - Entrance
Ysabelle,8,Right,2,91,Unrestricted,Occupied,Occupied,Occupied,Occupied,Occupied,Occupied,Occupied,Occupied,Occupied,Occupied,Occupied,Occupied,Occupied,Occupied,Occupied,Massachusetts Avenue,South,Tremont Street,Chester Square - Entrance
Lal,9,Right,1,92,Resident Only,Occupied,Occupied,Occupied,Occupied,Occupied,Occupied,Occupied,Unoccupied,Unoccupied,Occupied,Occupied,Occupied,Occupied,Occupied,Occupied,Chester Square,South,Chester Square - Entrance,Massachusetts Avenue
Lal,9,Right,1,93,Resident Only,Occupied,Unoccupied,Unoccupied,Occupied,Occupied,Occupied,Occupied,Occupied,Occupied,Occupied,Occupied,Occupied,Occupied,Occupied,Occupied,Chester Square,South,Chester Square - Entrance,Massachusetts Avenue
Lal,9,Right,2,94,Resident Only,Unoccupied,Unoccupied,Unoccupied,Unoccupied,Unoccupied,Unoccupied,Unoccupied,Unoccupied,Unoccupied,Unoccupied,Unoccupied,Unoccupied,Unoccupied,Unoccupied,Unoccupied,Chester Square,South,Chester Square - Entrance,Massachusetts Avenue
Lal,9,Right,3,95,Resident Only,Occupied,Occupied,Occupied,Occupied,Occupied,Occupied,Occupied,Occupied,Occupied,Occupied,Occupied,Occupied,Occupied,Occupied,Occupied,Chester Square,South,Chester Square - Entrance,Massachusetts Avenue
Lal,9,Right,1,96,Resident Only,Occupied,Occupied,Occupied,Occupied,Unoccupied,Occupied,Occupied,Occupied,Occupied,Occupied,Occupied,Occupied,Occupied,Occupied,Occupied,Chester Square,South,Chester Square - Entrance,Massachusetts Avenue
Lal,9,Right,2,97,Resident Only,Occupied,Unoccupied,Unoccupied,Occupied,Occupied,Occupied,Occupied,Occupied,Occupied,Occupied,Occupied,Occupied,Occupied,Occupied,Occupied,Chester Square,South,Chester Square - Entrance,Massachusetts Avenue
Lal,9,Right,3,98,Resident Only,Occupied,Occupied,Unoccupied,Occupied,Occupied,Occupied,Occupied,Occupied,Occupied,Occupied,Occupied,Occupied,Unoccupied,Occupied,Occupied,Chester Square,South,Chester Square - Entrance,Massachusetts Avenue
Lal,9,Right,1,99,Resident Only,Unoccupied,Occupied,Unoccupied,Unoccupied,Unoccupied,Unoccupied,Unoccupied,Unoccupied,Unoccupied,Unoccupied,Unoccupied,Occupied,Occupied,Occupied,Occupied,Chester Square,South,Chester Square - Entrance,Massachusetts Avenue
Lal,9,Right,2,100,Resident Only,Occupied,Unoccupied,Unoccupied,Occupied,Occupied,Unoccupied,Unoccupied,Unoccupied,Unoccupied,Unoccupied,Unoccupied,Occupied,Occupied,Occupied,Occupied,Chester Square,South,Chester Square - Entrance,Massachusetts Avenue
Lal,9,Right,3,101,Resident Only,Occupied,Occupied,Occupied,Occupied,Occupied,Occupied,Occupied,Occupied,Occupied,Occupied,Occupied,Occupied,Occupied,Occupied,Occupied,Chester Square,South,Chester Square - Entrance,Massachusetts Avenue
Lal,9,Right,HC,102,Handicapped,Occupied,Occupied,Unoccupied,Unoccupied,Unoccupied,Unoccupied,Unoccupied,Unoccupied,Unoccupied,Occupied,Occupied,Occupied,Occupied,Occupied,Occupied,Chester Square,South,Chester Square - Entrance,Massachusetts Avenue
Lal,9,Right,1,103,Resident Only,Occupied,Occupied,Occupied,Occupied,Occupied,Occupied,Occupied,Occupied,Occupied,Occupied,Occupied,Occupied,Occupied,Occupied,Occupied,Chester Square,South,Chester Square - Entrance,Massachusetts Avenue
Lal,9,Right,1,104,Resident Only,Occupied,Unoccupied,Occupied,Unoccupied,Unoccupied,Unoccupied,Unoccupied,Occupied,Occupied,Occupied,Occupied,Occupied,Occupied,Occupied,Occupied,Chester Square,South,Chester Square - Entrance,Massachusetts Avenue
Lal,9,Right,1,105,Resident Only,Occupied,Occupied,Occupied,Occupied,Occupied,Unoccupied,Unoccupied,Occupied,Occupied,Occupied,Occupied,Occupied,Occupied,Occupied,Occupied,Chester Square,South,Chester Square - Entrance,Massachusetts Avenue
Lal,9,Right,2,106,Resident Only,Unoccupied,Unoccupied,Unoccupied,Unoccupied,Unoccupied,Unoccupied,Unoccupied,Unoccupied,Unoccupied,Unoccupied,Unoccupied,Unoccupied,Unoccupied,Unoccupied,Unoccupied,Chester Square,South,Chester Square - Entrance,Massachusetts Avenue
Lal,9,Right,1,107,Resident Only,Occupied,Occupied,Occupied,Occupied,Occupied,Occupied,Occupied,Occupied,Occupied,Occupied,Occupied,Occupied,Occupied,Occupied,Occupied,Chester Square,South,Chester Square - Entrance,Massachusetts Avenue
Lal,9,Right,2,108,Resident Only,Occupied,Occupied,Occupied,Occupied,Occupied,Occupied,Occupied,Occupied,Occupied,Occupied,Occupied,Occupied,Occupied,Occupied,Occupied,Chester Square,South,Chester Square - Entrance,Massachusetts Avenue
Lal,9,Right,3,109,Resident Only,Unoccupied,Unoccupied,Unoccupied,Unoccupied,Unoccupied,Occupied,Unoccupied,Unoccupied,Unoccupied,Occupied,Occupied,Occupied,Occupied,Occupied,Occupied,Chester Square,South,Chester Square - Entrance,Massachusetts Avenue
Lal,9,Right,1,110,Resident Only,Occupied,Occupied,Occupied,Occupied,Occupied,Occupied,Unoccupied,Unoccupied,Unoccupied,Unoccupied,Occupied,Occupied,Occupied,Occupied,Occupied,Chester Square,South,Chester Square - Entrance,Massachusetts Avenue
Lal,9,Right,2,111,Resident Only,Occupied,Occupied,Occupied,Occupied,Occupied,Unoccupied,Unoccupied,Unoccupied,Unoccupied,Occupied,Occupied,Occupied,Occupied,Occupied,Occupied,Chester Square,South,Chester Square - Entrance,Massachusetts Avenue
Lal,9,Right,3,112,Resident Only,Occupied,Occupied,Occupied,Occupied,Occupied,Occupied,Occupied,Occupied,Occupied,Occupied,Unoccupied,Occupied,Occupied,Occupied,Occupied,Chester Square,South,Chester Square - Entrance,Massachusetts Avenue
Lal,9,Right,1,113,Resident Only,Occupied,Occupied,Occupied,Occupied,Occupied,Occupied,Occupied,Occupied,Unoccupied,Unoccupied,Occupied,Occupied,Occupied,Occupied,Occupied,Chester Square,South,Chester Square - Entrance,Massachusetts Avenue
Lal,9,Right,2,114,Resident Only,Occupied,Occupied,Occupied,Occupied,Occupied,Occupied,Occupied,Occupied,Occupied,Occupied,Occupied,Occupied,Occupied,Occupied,Occupied,Chester Square,South,Chester Square - Entrance,Massachusetts Avenue
Lal,10a,Right,1,115,Resident Only,Occupied,Occupied,Occupied,Occupied,Occupied,Occupied,Occupied,Occupied,Occupied,Occupied,Occupied,Occupied,Occupied,Occupied,Occupied,Massachusetts Avenue,South,Chester Square - Entrance,Chester Square - Exit
Lal,10a,Right,2,116,Resident Only,Occupied,Unoccupied,Occupied,Occupied,Occupied,Occupied,Occupied,Occupied,Occupied,Occupied,Occupied,Occupied,Occupied,Occupied,Occupied,Massachusetts Avenue,South,Chester Square - Entrance,Chester Square - Exit
Lal,10a,Right,3,117,Resident Only,Occupied,Occupied,Occupied,Occupied,Occupied,Occupied,Occupied,Occupied,Occupied,Occupied,Unoccupied,Occupied,Occupied,Occupied,Occupied,Massachusetts Avenue,South,Chester Square - Entrance,Chester Square - Exit
Lal,10a,Right,1,118,Resident Only,Occupied,Occupied,Occupied,Occupied,Occupied,Unoccupied,Unoccupied,Unoccupied,Occupied,Occupied,Occupied,Occupied,Occupied,Occupied,Occupied,Massachusetts Avenue,South,Chester Square - Entrance,Chester Square - Exit
Lal,10a,Right,2,119,Resident Only,Occupied,Occupied,Occupied,Occupied,Occupied,Occupied,Occupied,Occupied,Occupied,Occupied,Occupied,Occupied,Occupied,Occupied,Occupied,Massachusetts Avenue,South,Chester Square - Entrance,Chester Square - Exit
Lal,10a,Right,3,120,Resident Only,Occupied,Occupied,Occupied,Occupied,Occupied,Occupied,Occupied,Occupied,Occupied,Occupied,Occupied,Unoccupied,Occupied,Occupied,Occupied,Massachusetts Avenue,South,Chester Square - Entrance,Chester Square - Exit
Lal,10a,Right,1,121,Resident Only,Occupied,Occupied,Unoccupied,Occupied,Occupied,Occupied,Occupied,Unoccupied,Occupied,Occupied,Occupied,Unoccupied,Occupied,Occupied,Occupied,Massachusetts Avenue,South,Chester Square - Entrance,Chester Square - Exit
Lal,10a,Right,2,122,Resident Only,Unoccupied,Unoccupied,Unoccupied,Unoccupied,Unoccupied,Unoccupied,Unoccupied,Unoccupied,Unoccupied,Unoccupied,Unoccupied,Unoccupied,Unoccupied,Unoccupied,Unoccupied,Massachusetts Avenue,South,Chester Square - Entrance,Chester Square - Exit
Lal,10a,Right,3,123,Resident Only,Occupied,Occupied,Occupied,Occupied,Occupied,Occupied,Occupied,Occupied,Occupied,Occupied,Occupied,Occupied,Occupied,Occupied,Occupied,Massachusetts Avenue,South,Chester Square - Entrance,Chester Square - Exit
Lal,10a,Right,4,124,Resident Only,Occupied,Occupied,Occupied,Occupied,Occupied,Occupied,Occupied,Occupied,Occupied,Occupied,Occupied,Occupied,Occupied,Occupied,Occupied,Massachusetts Avenue,South,Chester Square - Entrance,Chester Square - Exit
Lal,10a,Right,1,125,Resident Only,Occupied,Unoccupied,Unoccupied,Unoccupied,Unoccupied,Occupied,Unoccupied,Occupied,Occupied,Occupied,Occupied,Occupied,Occupied,Unoccupied,Occupied,Massachusetts Avenue,South,Chester Square - Entrance,Chester Square - Exit
Lal,10a,Right,2,126,Resident Only,Occupied,Occupied,Unoccupied,Unoccupied,Occupied,Occupied,Occupied,Occupied,Occupied,Unoccupied,Unoccupied,Unoccupied,Occupied,Occupied,Occupied,Massachusetts Avenue,South,Chester Square - Entrance,Chester Square - Exit
Lal,10a,Right,3,127,Resident Only,Unoccupied ,Unoccupied ,Occupied,Occupied,Occupied,Occupied,Occupied,Occupied,Occupied,Occupied,Occupied,Occupied,Occupied,Occupied,Occupied,Massachusetts Avenue,South,Chester Square - Entrance,Chester Square - Exit
Lal,10a,Right,4,128,Resident Only,Occupied,Occupied,Occupied,Unoccupied,Occupied,Unoccupied,Unoccupied,Unoccupied,Unoccupied,Unoccupied,Unoccupied,Occupied,Unoccupied,Unoccupied,Unoccupied,Massachusetts Avenue,South,Chester Square - Entrance,Chester Square - Exit
Lal,10a,Right,1,129,Resident Only,Occupied,Occupied,Occupied,Unoccupied,Occupied,Occupied,Occupied,Occupied,Occupied,Occupied,Occupied,Occupied,Occupied,Occupied,Occupied,Massachusetts Avenue,South,Chester Square - Entrance,Chester Square - Exit
Lal,10a,Right,2,130,Resident Only,Occupied,Occupied,Occupied,Occupied,Occupied,Occupied,Occupied,Occupied,Occupied,Occupied,Occupied,Occupied,Occupied,Occupied,Occupied,Massachusetts Avenue,South,Chester Square - Entrance,Chester Square - Exit
Lal,10a,Right,3,131,Resident Only,Occupied,Occupied,Occupied,Unoccupied,Occupied,Occupied,Occupied,Occupied,Unoccupied,Occupied,Occupied,Occupied,Occupied,Occupied,Occupied,Massachusetts Avenue,South,Chester Square - Entrance,Chester Square - Exit
Lal,10a,Right,1,132,Resident Only,Occupied,Occupied,Occupied,Occupied,Occupied,Occupied,Occupied,Occupied,Occupied,Occupied,Occupied,Occupied,Occupied,Occupied,Occupied,Massachusetts Avenue,South,Chester Square - Entrance,Chester Square - Exit
Lal,10a,Right,2,133,Resident Only,Occupied,Occupied,Occupied,Occupied,Occupied,Occupied,Occupied,Occupied,Occupied,Unoccupied,Occupied,Occupied,Occupied,Occupied,Occupied,Massachusetts Avenue,South,Chester Square - Entrance,Chester Square - Exit
Lal,10a,Right,3,134,Resident Only,Occupied,Occupied,Occupied,Unoccupied,Occupied,Occupied,Occupied,Unoccupied,Occupied,Occupied,Unoccupied,Occupied,Occupied,Occupied,Occupied,Massachusetts Avenue,South,Chester Square - Entrance,Chester Square - Exit
Lal,10b,Right,1,135,Resident Only,Unoccupied,Unoccupied,Unoccupied,Unoccupied,Occupied,Occupied,Occupied,Occupied,Occupied,Occupied,Occupied,Occupied,Occupied,Occupied,Occupied,Massachusetts Avenue,South,Chester Square - Exit,Shawmut Avenue
Lal,10b,Right,2,136,Resident Only,Occupied,Occupied,Occupied,Occupied,Occupied,Occupied,Occupied,Occupied,Occupied,Occupied,Occupied,Occupied,Occupied,Occupied,Occupied,Massachusetts Avenue,South,Chester Square - Exit,Shawmut Avenue
Lal,10b,Right,3,137,Resident Only,Occupied,Occupied,Occupied,Occupied,Occupied,Occupied,Occupied,Unoccupied,Occupied,Occupied,Occupied,Occupied,Occupied,Occupied,Occupied,Massachusetts Avenue,South,Chester Square - Exit,Shawmut Avenue
Lal,10b,Right,1,138,Resident Only,Occupied,Occupied,Occupied,Occupied,Occupied,Occupied,Occupied,Occupied,Occupied,Occupied,Occupied,Occupied,Occupied,Occupied,Occupied,Massachusetts Avenue,South,Chester Square - Exit,Shawmut Avenue
Lal,10b,Right,2,139,Resident Only,Occupied,Occupied,Occupied,Occupied,Occupied,Occupied,Occupied,Unoccupied,Occupied,Occupied,Occupied,Occupied,Occupied,Occupied,Occupied,Massachusetts Avenue,South,Chester Square - Exit,Shawmut Avenue
Lal,10b,Right,3,140,Resident Only,Occupied,Occupied,Occupied,Occupied,Occupied,Occupied,Occupied,Occupied,Occupied,Occupied,Occupied,Occupied,Occupied,Occupied,Occupied,Massachusetts Avenue,South,Chester Square - Exit,Shawmut Avenue
Lal,10b,Right,4,141,Resident Only,Occupied,Occupied,Occupied,Occupied,Occupied,Occupied,Occupied,Occupied,Occupied,Occupied,Occupied,Unoccupied,Occupied,Occupied,Occupied,Massachusetts Avenue,South,Chester Square - Exit,Shawmut Avenue
Lal,11,Right,1,142,Resident Only,Occupied,Occupied,Unoccupied,Occupied,Occupied,Occupied,Occupied,Occupied,Occupied,Occupied,Occupied,Occupied,Occupied,Occupied,Occupied,Shawmut Avenue,West,Massachusetts Avenue,Northampton Street
Lal,11,Right,2,143,Resident Only,Occupied,Occupied,Occupied,Occupied,Occupied,Occupied,Occupied,Occupied,Occupied,Occupied,Occupied,Unoccupied,Occupied,Occupied,Occupied,Shawmut Avenue,West,Massachusetts Avenue,Northampton Street
Lal,11,Right,3,144,Resident Only,Occupied,Occupied,Occupied,Unoccupied,Occupied,Occupied,Occupied,Occupied,Occupied,Occupied,Occupied,Unoccupied,Occupied,Occupied,Occupied,Shawmut Avenue,West,Massachusetts Avenue,Northampton Street
Lal,11,Right,4,145,Resident Only,Occupied,Occupied,Occupied,Occupied,Occupied,Occupied,Occupied,Occupied,Occupied,Occupied,Occupied,Occupied,Occupied,Occupied,Occupied,Shawmut Avenue,West,Massachusetts Avenue,Northampton Street
Lal,11,Right,5,146,Resident Only,Occupied,Occupied,Occupied,Occupied,Occupied,Occupied,Occupied,Occupied,Occupied,Occupied,Occupied,Occupied,Occupied,Occupied,Unoccupied,Shawmut Avenue,West,Massachusetts Avenue,Northampton Street
Lal,11,Right,6,147,Resident Only,Occupied,Occupied,Occupied,Occupied,Occupied,Occupied,Occupied,Occupied,Occupied,Occupied,Occupied,Occupied,Occupied,Occupied,Occupied,Shawmut Avenue,West,Massachusetts Avenue,Northampton Street
Lal,11,Right,7,148,Resident Only,Unoccupied,Unoccupied,Unoccupied,Unoccupied,Unoccupied,Unoccupied,Unoccupied,Unoccupied,Unoccupied,Unoccupied,Unoccupied,Unoccupied,Unoccupied,Unoccupied,Unoccupied,Shawmut Avenue,West,Massachusetts Avenue,Northampton Street
Lal,11,Right,HC 1,149,Handicapped,Occupied,Occupied,Occupied,Occupied,Occupied,Unoccupied,Unoccupied,Occupied,Unoccupied,Unoccupied,Unoccupied,Unoccupied,Occupied,Occupied,Unoccupied,Shawmut Avenue,West,Massachusetts Avenue,Northampton Street
Lal,11,Right,HC 2,150,Handicapped,Occupied,Occupied,Occupied,Unoccupied,Unoccupied,Occupied,Occupied,Occupied,Occupied,Occupied,Unoccupied,Unoccupied,Unoccupied,Unoccupied,Occupied,Shawmut Avenue,West,Massachusetts Avenue,Northampton Street
Lal,12,Right,1,151,Resident Only,Occupied,Occupied,Occupied,Occupied,Occupied,Occupied,Occupied,Occupied,Occupied,Occupied,Occupied,Occupied,Unoccupied,Unoccupied,Unoccupied,Northampton Street,North,Shawmut Avenue,Tremont Street
,12,Right,2,152,Resident Only,Occupied,Occupied,Unoccupied,Unoccupied,Unoccupied,Unoccupied,Unoccupied,Unoccupied,Occupied,Unoccupied,Unoccupied,Unoccupied,Unoccupied,Occupied,Occupied,Northampton Street,North,Shawmut Avenue,Tremont Street
,12,Right,3,153,Resident Only,Unoccupied,Unoccupied,Occupied,Unoccupied,Unoccupied,Unoccupied,Unoccupied,Unoccupied,Unoccupied,Unoccupied,Unoccupied,Unoccupied,Unoccupied,Occupied,Occupied,Northampton Street,North,Shawmut Avenue,Tremont Street
,12,Right,4,154,Resident Only,Occupied,Occupied,Unoccupied,Unoccupied,Unoccupied,Unoccupied,Unoccupied,Occupied,Unoccupied,Unoccupied,Unoccupied,Unoccupied,Unoccupied,Occupied,Occupied,Northampton Street,North,Shawmut Avenue,Tremont Street
,12,Right,5,155,Resident Only,Occupied,Occupied,Unoccupied,Unoccupied,Unoccupied,Occupied,Unoccupied,Unoccupied,Occupied,Occupied,Occupied,Unoccupied,Occupied,Occupied,Occupied,Northampton Street,North,Shawmut Avenue,Tremont Street
,12,Right,1,156,Resident Only,Occupied,Occupied,Unoccupied,Unoccupied,Occupied,Occupied,Occupied,Occupied,Unoccupied,Occupied,Unoccupied,Occupied,Occupied,Occupied,Occupied,Northampton Street,North,Shawmut Avenue,Tremont Street
,12,Right,2,157,Resident Only,Occupied,Occupied,Unoccupied,Unoccupied,Unoccupied,Unoccupied,Unoccupied ,Unoccupied,Unoccupied,Unoccupied,Unoccupied,Unoccupied,Unoccupied,Occupied,Occupied,Northampton Street,North,Shawmut Avenue,Tremont Street
,12,Right,3,158,Resident Only,Occupied,Occupied,Occupied,Occupied,Occupied,Occupied,Occupied,Occupied,Occupied,Occupied,Occupied,Occupied,Occupied,Occupied,Occupied,Northampton Street,North,Shawmut Avenue,Tremont Street
,12,Right,4,159,Resident Only,Occupied,Occupied,Occupied,Occupied,Unoccupied,Unoccupied,Unoccupied,Unoccupied,Unoccupied,Unoccupied,Unoccupied,Occupied,Occupied,Occupied,Occupied,Northampton Street,North,Shawmut Avenue,Tremont Street
,12,Right,1,160,Resident Only,Unoccupied,Unoccupied,Unoccupied,Unoccupied,Unoccupied,Unoccupied,Unoccupied,Unoccupied,Unoccupied,Occupied,Unoccupied,Unoccupied,Unoccupied,Unoccupied,Unoccupied,Northampton Street,North,Shawmut Avenue,Tremont Street
,12,Right,1,161,Resident Only,Occupied,Unoccupied,Unoccupied,Unoccupied,Unoccupied,Unoccupied,Occupied,Unoccupied,Unoccupied,Unoccupied,Unoccupied,Occupied,Occupied,Occupied,Occupied,Northampton Street,North,Shawmut Avenue,Tremont Street
,12,Right,2,162,Resident Only,Occupied,Occupied,Occupied,Occupied,Occupied,Occupied,Occupied,Occupied,Occupied,Occupied,Occupied,Occupied,Occupied,Occupied,Occupied,Northampton Street,North,Shawmut Avenue,Tremont Street
,12,Right,3,163,Resident Only,Occupied,Occupied,Occupied,Occupied,Occupied,Occupied,Occupied,Occupied,Occupied,Occupied,Occupied,Occupied,Occupied,Occupied,Occupied,Northampton Street,North,Shawmut Avenue,Tremont Street
,12,Right,4,164,Resident Only,Unoccupied,Unoccupied,Unoccupied,Unoccupied,Unoccupied,Unoccupied,Unoccupied,Unoccupied,Unoccupied,Unoccupied,Unoccupied,Unoccupied,Unoccupied,Unoccupied,Unoccupied,Northampton Street,North,Shawmut Avenue,Tremont Street
,12,Right,1,165,Resident Only,Unoccupied,Unoccupied,Unoccupied,Unoccupied,Unoccupied,Occupied,Occupied,Occupied,Occupied,Occupied,Occupied,Occupied,Unoccupied,Occupied,Occupied,Northampton Street,North,Shawmut Avenue,Tremont Street
,12,Right,2,166,Resident Only,Occupied,Occupied,Unoccupied,Unoccupied,Unoccupied,Unoccupied,Unoccupied,Unoccupied,Unoccupied,Unoccupied,Occupied,Occupied,Occupied,Occupied,Occupied,Northampton Street,North,Shawmut Avenue,Tremont Street
,12,Right,3,167,Resident Only,Occupied,Occupied,Occupied,Unoccupied,Occupied,Occupied,Occupied,Occupied,Occupied,Unoccupied,Unoccupied,Occupied,Occupied,Occupied,Occupied,Northampton Street,North,Shawmut Avenue,Tremont Street
,12,Right,1,168,Resident Only,Occupied,Occupied,Unoccupied,Unoccupied,Unoccupied,Unoccupied,Unoccupied,Unoccupied,Unoccupied,Unoccupied,Unoccupied,Occupied,Occupied,Occupied,Occupied,Northampton Street,North,Shawmut Avenue,Tremont Street
,12,Right,2,169,Resident Only,Occupied,Unoccupied,Unoccupied,Unoccupied,Unoccupied,Unoccupied,Unoccupied,Unoccupied,Unoccupied,Occupied,Occupied,Unoccupied,Occupied,Occupied,Occupied,Northampton Street,North,Shawmut Avenue,Tremont Street
,12,Right,3,170,Resident Only,Occupied,Occupied,Occupied,Occupied,Occupied,Occupied,Occupied,Unoccupied,Unoccupied,Unoccupied,Unoccupied,Unoccupied,Unoccupied,Unoccupied,Occupied,Northampton Street,North,Shawmut Avenue,Tremont Street
,12,Right,4,171,Resident Only,Unoccupied,Unoccupied,Unoccupied,Unoccupied,Unoccupied,Unoccupied,Unoccupied,Unoccupied,Unoccupied,Unoccupied,Unoccupied,Unoccupied,Unoccupied,Unoccupied,Unoccupied,Northampton Street,North,Shawmut Avenue,Tremont Street
,12,Right,1,172,Resident Only,Occupied,Occupied,Unoccupied,Unoccupied,Unoccupied,Unoccupied,Unoccupied,Unoccupied,Unoccupied,Unoccupied,Unoccupied,Unoccupied,Unoccupied,Unoccupied,Occupied,Northampton Street,North,Shawmut Avenue,Tremont Street
,12,Right,2,173,Resident Only,Occupied,Occupied,Occupied,Occupied,Occupied,Occupied,Unoccupied,Unoccupied,Unoccupied,Unoccupied,Unoccupied,Occupied,Unoccupied,Occupied,Occupied,Northampton Street,North,Shawmut Avenue,Tremont Street
,12,Right,3,174,Resident Only,Occupied,Occupied,Occupied,Occupied,Unoccupied,Unoccupied,Unoccupied,Unoccupied,Unoccupied,Occupied,Unoccupied,Unoccupied,Occupied,Occupied,Occupied,Northampton Street,North,Shawmut Avenue,Tremont Street
,12,Right,1,175,Resident Only,Occupied,Unoccupied,Occupied,Occupied,Occupied,Occupied,Unoccupied,Unoccupied,Unoccupied,Unoccupied,Unoccupied,Unoccupied,Occupied,Occupied,Occupied,Northampton Street,North,Shawmut Avenue,Tremont Street
,12,Right,2,176,Resident Only,Unoccupied,Unoccupied,Unoccupied,Unoccupied,Unoccupied,Unoccupied,Occupied,Occupied,Unoccupied,Occupied,Occupied,Occupied,Occupied,Occupied,Occupied,Northampton Street,North,Shawmut Avenue,Tremont Street
,12,Right,3,177,Resident Only,Unoccupied,Occupied,Occupied,Occupied,Occupied,Occupied,Unoccupied,Unoccupied,Unoccupied,Unoccupied,Unoccupied,Unoccupied,Unoccupied,Unoccupied,Unoccupied,Northampton Street,North,Shawmut Avenue,Tremont Street
,12,Right,4,178,Resident Only,Occupied,Occupied,Occupied,Occupied,Occupied,Occupied,Occupied,Occupied,Occupied,Occupied,Occupied,Occupied,Occupied,Occupied,Occupied,Northampton Street,North,Shawmut Avenue,Tremont Street
,12,Right,1,179,Resident Only,Occupied,Occupied,Occupied,Occupied,Occupied,Occupied,Occupied,Occupied,Occupied,Occupied,Occupied,Occupied,Occupied,Unoccupied,Unoccupied,Northampton Street,North,Shawmut Avenue,Tremont Street
,12,Right,1,180,Resident Only,Occupied,Occupied,Occupied,Occupied,Occupied,Occupied,Occupied,Occupied,Occupied,Occupied,Occupied,Occupied,Occupied,Occupied,Occupied,Northampton Street,North,Shawmut Avenue,Tremont Street
,12,Right,2,181,Resident Only,Unoccupied,Unoccupied,Unoccupied,Unoccupied,Unoccupied,Unoccupied,Unoccupied,Unoccupied,Unoccupied,Unoccupied,Unoccupied,Unoccupied,Unoccupied,Unoccupied,Unoccupied,Northampton Street,North,Shawmut Avenue,Tremont Street
,12,Right,1,182,Resident Only,Occupied,Occupied,Occupied,Occupied,Unoccupied,Unoccupied,Unoccupied,Unoccupied,Unoccupied,Unoccupied,Unoccupied,Unoccupied,Unoccupied,Unoccupied,Unoccupied,Northampton Street,North,Shawmut Avenue,Tremont Street
,12,Right,2,183,Resident Only,Occupied,Occupied,Unoccupied,Unoccupied,Unoccupied,Unoccupied,Unoccupied,Unoccupied,Unoccupied,Unoccupied,Unoccupied,Unoccupied,Occupied,Occupied,Occupied,Northampton Street,North,Shawmut Avenue,Tremont Street
,12,Right,3,184,Resident Only,Unoccupied,Unoccupied,Unoccupied,Unoccupied,Unoccupied,Unoccupied,Unoccupied,Occupied,Unoccupied,Occupied,Unoccupied,Unoccupied,Unoccupied,Unoccupied ,Unoccupied,Northampton Street,North,Shawmut Avenue,Tremont Street
,12,Right,4,185,Resident Only,Occupied,Occupied,Occupied,Occupied,Unoccupied,Occupied,Occupied,Occupied,Occupied,Occupied,Occupied,Occupied,Occupied,Occupied,Occupied,Northampton Street,North,Shawmut Avenue,Tremont Street
,12,Right,1,186,Resident Only,Unoccupied,Unoccupied,Unoccupied,Unoccupied,Occupied,Occupied,Occupied,Occupied,Occupied,Unoccupied,Unoccupied,Unoccupied,Occupied,Occupied,Occupied,Northampton Street,North,Shawmut Avenue,Tremont Street
,12,Right,2,187,Resident Only,Occupied,Unoccupied,Unoccupied,Unoccupied,Occupied,Occupied,Occupied,Occupied,Occupied,Occupied,Occupied,Occupied,Unoccupied,Unoccupied,Unoccupied,Northampton Street,North,Shawmut Avenue,Tremont Street
,12,Right,3,188,Resident Only,Occupied,Unoccupied,Occupied,Occupied,Occupied,Occupied,Occupied,Occupied,Unoccupied,Unoccupied,Unoccupied,Unoccupied,Unoccupied,Occupied,Occupied,Northampton Street,North,Shawmut Avenue,Tremont Street
,12,Right,4,189,Resident Only,Occupied,Occupied,Occupied,Occupied,Occupied,Occupied,Occupied,Occupied,Occupied,Occupied,Occupied,Occupied,Occupied,Occupied,Occupied,Northampton Street,North,Shawmut Avenue,Tremont Street
,12,Right,5,190,Resident Only,Unoccupied,Unoccupied,Unoccupied,Unoccupied,Unoccupied,Unoccupied,Unoccupied,Unoccupied,Unoccupied,Unoccupied,Occupied,Occupied,Occupied,Occupied,Occupied,Northampton Street,North,Shawmut Avenue,Tremont Street
,12,Right,6,191,Resident Only,Occupied,Occupied,Occupied,Occupied,Occupied,Occupied,Unoccupied,Unoccupied,Unoccupied,Unoccupied,Occupied,Occupied,Occupied,Occupied,Occupied,Northampton Street,North,Shawmut Avenue,Tremont Street
,12,Right,1,192,Resident Only,Unoccupied,Unoccupied,Unoccupied,Unoccupied,Unoccupied,Unoccupied,Unoccupied,Unoccupied,Unoccupied,Unoccupied,Occupied,Occupied,Occupied,Unoccupied,Occupied,Northampton Street,North,Shawmut Avenue,Tremont Street
,12,Right,2,193,Resident Only,Occupied,Occupied,Occupied,Occupied,Occupied,Occupied,Occupied,Occupied,Occupied,Occupied,Occupied,Occupied,Occupied,Occupied,Occupied,Northampton Street,North,Shawmut Avenue,Tremont Street
,13,Right,1,194,Resident Only,Occupied,Occupied,Occupied,Occupied,Occupied,Occupied,Occupied,Occupied,Occupied,Occupied,Occupied,Occupied,Occupied,Occupied,Occupied,W. Springfield Street,South,Tremont Street,Shawmut Avenue
,13,Right,2,195,Resident Only,Occupied,Occupied,Occupied,Occupied,Occupied,Occupied,Occupied,Occupied,Occupied,Occupied,Occupied,Occupied,Occupied,Occupied,Occupied,W. Springfield Street,South,Tremont Street,Shawmut Avenue
,13,Right,3,196,Resident Only,Unoccupied,Unoccupied,Unoccupied,Occupied,Occupied,Unoccupied,Unoccupied,Unoccupied,Unoccupied,Unoccupied,Occupied,Occupied,Occupied,Occupied,Occupied,W. Springfield Street,South,Tremont Street,Shawmut Avenue
,13,Right,4,197,Resident Only,Occupied,Unoccupied,Unoccupied,Unoccupied,Unoccupied,Occupied,Occupied,Occupied,Occupied,Occupied,Occupied,Occupied,Occupied,Occupied,Occupied,W. Springfield Street,South,Tremont Street,Shawmut Avenue
,13,Right,1,198,Resident Only,Occupied,Occupied,Occupied,Occupied,Occupied,Occupied,Occupied,Occupied,Occupied,Occupied,Occupied,Occupied,Occupied,Occupied,Occupied,W. Springfield Street,South,Tremont Street,Shawmut Avenue
,13,Right,2,199,Resident Only,Occupied,Unoccupied,Occupied,Occupied,Occupied,Occupied,Unoccupied,Occupied,Occupied,Occupied,Occupied,Unoccupied,Occupied,Occupied,Occupied,W. Springfield Street,South,Tremont Street,Shawmut Avenue
,13,Right,3,200,Resident Only,Occupied,Occupied,Occupied,Occupied,Occupied,Occupied,Occupied,Occupied,Occupied,Occupied,Occupied,Occupied,Occupied,Occupied,Occupied,W. Springfield Street,South,Tremont Street,Shawmut Avenue
,13,Right,4,201,Resident Only,Occupied,Occupied,Occupied,Occupied,Occupied,Occupied,Occupied,Occupied,Occupied,Occupied,Occupied,Unoccupied,Occupied,Occupied,Occupied,W. Springfield Street,South,Tremont Street,Shawmut Avenue
,13,Right,5,202,Resident Only,Unoccupied,Unoccupied,Unoccupied,Unoccupied,Unoccupied,Unoccupied,Unoccupied,Unoccupied,Unoccupied,Unoccupied,Unoccupied,Unoccupied,Unoccupied,Unoccupied,Unoccupied,W. Springfield Street,South,Tremont Street,Shawmut Avenue
,13,Right,1,203,Resident Only,Occupied,Occupied,Occupied,Occupied,Occupied,Occupied,Occupied,Occupied,Occupied,Occupied,Unoccupied,Occupied,Occupied,Occupied,Occupied,W. Springfield Street,South,Tremont Street,Shawmut Avenue
,13,Right,HC,204,Resident Only,Occupied,Occupied,Occupied,Occupied,Occupied,Unoccupied,Unoccupied,Unoccupied,Unoccupied,Unoccupied,Occupied,Occupied,Occupied,Occupied,Occupied,W. Springfield Street,South,Tremont Street,Shawmut Avenue
,13,Right,2,205,Resident Only,Occupied,Occupied,Occupied,Occupied,Occupied,Occupied,Occupied,Occupied,Occupied,Occupied,Occupied,Occupied,Occupied,Occupied,Occupied,W. Springfield Street,South,Tremont Street,Shawmut Avenue
,13,Right,1,206,Resident Only,Occupied,Occupied,Occupied,Occupied,Occupied,Occupied,Occupied,Occupied,Occupied,Occupied,Occupied,Occupied,Occupied,Occupied,Occupied,W. Springfield Street,South,Tremont Street,Shawmut Avenue
,13,Right,2,207,Resident Only,Unoccupied,Unoccupied,Unoccupied,Unoccupied,Occupied,Occupied,Occupied,Occupied,Occupied,Occupied,Occupied,Occupied,Occupied,Occupied,Occupied,W. Springfield Street,South,Tremont Street,Shawmut Avenue
,13,Right,3,208,Resident Only,Occupied,Occupied,Occupied,Occupied,Occupied,Occupied,Occupied,Occupied,Occupied,Occupied,Occupied,Occupied,Occupied,Occupied,Occupied,W. Springfield Street,South,Tremont Street,Shawmut Avenue
,13,Right,4,209,Resident Only,Occupied,Occupied,Occupied,Occupied,Occupied,Occupied,Occupied,Occupied,Occupied,Occupied,Occupied,Occupied,Occupied,Occupied,Occupied,W. Springfield Street,South,Tremont Street,Shawmut Avenue
,13,Right,1,210,Resident Only,Occupied,Occupied,Occupied,Occupied,Occupied,Occupied,Occupied,Occupied,Occupied,Occupied,Occupied,Occupied,Occupied,Occupied,Occupied,W. Springfield Street,South,Tremont Street,Shawmut Avenue
,13,Right,2,211,Resident Only,Occupied,Occupied,Occupied,Occupied,Occupied,Occupied,Unoccupied,Unoccupied,Occupied,Occupied,Occupied,Occupied,Occupied,Occupied,Occupied,W. Springfield Street,South,Tremont Street,Shawmut Avenue
,13,Right,3,212,Resident Only,Occupied,Occupied,Unoccupied,Unoccupied,Occupied,Occupied,Occupied,Occupied,Occupied,Occupied,Occupied,Occupied,Occupied,Occupied,Occupied,W. Springfield Street,South,Tremont Street,Shawmut Avenue
,13,Right,1,213,Resident Only,Occupied,Occupied,Occupied,Occupied,Occupied,Occupied,Occupied,Occupied,Occupied,Occupied,Occupied,Occupied,Occupied,Occupied,Occupied,W. Springfield Street,South,Tremont Street,Shawmut Avenue
,13,Right,2,214,Resident Only,Occupied,Occupied,Occupied,Occupied,Occupied,Occupied,Occupied,Occupied,Occupied,Occupied,Occupied,Occupied,Occupied,Occupied,Occupied,W. Springfield Street,South,Tremont Street,Shawmut Avenue
,13,Right,1,215,Resident Only,Occupied,Occupied,Occupied,Occupied,Occupied,Occupied,Occupied,Occupied,Occupied,Occupied,Occupied,Occupied,Occupied,Occupied,Occupied,W. Springfield Street,South,Tremont Street,Shawmut Avenue
,13,Right,2,216,Resident Only,Unoccupied,Unoccupied,Unoccupied,Unoccupied,Unoccupied,Unoccupied,Unoccupied,Unoccupied,Unoccupied,Unoccupied,Unoccupied,Unoccupied,Occupied,Occupied,Occupied,W. Springfield Street,South,Tremont Street,Shawmut Avenue
,13,Right,3,217,Resident Only,Occupied,Occupied,Occupied,Occupied,Occupied,Occupied,Occupied,Occupied,Occupied,Unoccupied,Unoccupied,Occupied,Occupied,Occupied,Occupied,W. Springfield Street,South,Tremont Street,Shawmut Avenue
,13,Right,4,218,Resident Only,Occupied,Occupied,Occupied,Occupied,Occupied,Occupied,Occupied,Occupied,Occupied,Unoccupied,Occupied,Occupied,Occupied,Occupied,Occupied,W. Springfield Street,South,Tremont Street,Shawmut Avenue
,13,Right,1,219,Resident Only,Occupied,Occupied,Occupied,Occupied,Occupied,Occupied,Occupied,Occupied,Occupied,Unoccupied,Unoccupied,Unoccupied,Occupied,Occupied,Occupied,W. Springfield Street,South,Tremont Street,Shawmut Avenue
,13,Right,2,220,Resident Only,Occupied,Occupied,Unoccupied,Unoccupied,Unoccupied,Unoccupied,Unoccupied,Unoccupied,Unoccupied,Occupied,Occupied,Occupied,Occupied,Occupied,Occupied,W. Springfield Street,South,Tremont Street,Shawmut Avenue
,13,Right,3,221,Resident Only,Occupied,Occupied,Occupied,Occupied,Occupied,Occupied,Occupied,Occupied,Occupied,Occupied,Occupied,Occupied,Occupied,Occupied,Occupied,W. Springfield Street,South,Tremont Street,Shawmut Avenue
,13,Right,4,222,Resident Only,Occupied,Occupied,Occupied,Occupied,Occupied,Occupied,Occupied,Occupied,Occupied,Occupied,Occupied,Occupied,Occupied,Occupied,Occupied,W. Springfield Street,South,Tremont Street,Shawmut Avenue
,13,Right,1,223,Resident Only,Unoccupied,Occupied,Unoccupied,Unoccupied,Unoccupied,Unoccupied,Occupied,Occupied,Occupied,Occupied,Occupied,Occupied,Occupied,Occupied,Occupied,W. Springfield Street,South,Tremont Street,Shawmut Avenue
,13,Right,2,224,Resident Only,Occupied,Occupied,Occupied,Occupied,Occupied,Occupied,Occupied,Occupied,Occupied,Occupied,Occupied,Occupied,Occupied,Occupied,Occupied,W. Springfield Street,South,Tremont Street,Shawmut Avenue
,13,Right,3,225,Resident Only,Occupied,Occupied,Occupied,Occupied,Occupied,Occupied,Occupied,Occupied,Occupied,Occupied,Occupied,Occupied,Occupied,Occupied,Occupied,W. Springfield Street,South,Tremont Street,Shawmut Avenue
,13,Right,1,226,Resident Only,Occupied,Occupied,Occupied,Occupied,Occupied,Occupied,Occupied,Occupied,Occupied,Occupied,Occupied,Occupied,Occupied,Occupied,Occupied,W. Springfield Street,South,Tremont Street,Shawmut Avenue
,13,Right,2,227,Resident Only,Occupied,Occupied,Occupied,Occupied,Occupied,Occupied,Occupied,Occupied,Occupied,Occupied,Occupied,Occupied,Occupied,Occupied,Occupied,W. Springfield Street,South,Tremont Street,Shawmut Avenue
,13,Right,3,228,Resident Only,Occupied,Occupied,Occupied,Occupied,Occupied,Occupied,Occupied,Occupied,Occupied,Occupied,Occupied,Occupied,Occupied,Occupied,Occupied,W. Springfield Street,South,Tremont Street,Shawmut Avenue
,13,Right,4,229,Resident Only,Occupied,Occupied,Occupied,Occupied,Occupied,Occupied,Occupied,Occupied,Occupied,Occupied,Occupied,Occupied,Occupied,Occupied,Occupied,W. Springfield Street,South,Tremont Street,Shawmut Avenue
,13,Right,1,230,Resident Only,Occupied,Occupied,Occupied,Occupied,Occupied,Occupied,Occupied,Occupied,Occupied,Unoccupied,Occupied,Occupied,Occupied,Occupied,Occupied,W. Springfield Street,South,Tremont Street,Shawmut Avenue
,13,Right,2,231,Resident Only,Occupied,Occupied,Occupied,Occupied,Occupied,Occupied,Occupied,Occupied,Occupied,Occupied,Occupied,Occupied,Occupied,Occupied,Occupied,W. Springfield Street,South,Tremont Street,Shawmut Avenue
,13,Right,1,232,Visitor,Unoccupied,Occupied,Occupied,Occupied,Occupied,Occupied,Occupied,Occupied,Occupied,Occupied,Occupied,Occupied,Occupied,Occupied,Occupied,W. Springfield Street,South,Tremont Street,Shawmut Avenue
,13,Right,2,233,Visitor,Occupied,Occupied,Occupied,Occupied,Occupied,Occupied,Occupied,Occupied,Unoccupied,Unoccupied,Unoccupied,Occupied,Occupied,Occupied,Occupied,W. Springfield Street,South,Tremont Street,Shawmut Avenue
,13,Right,3,234,Visitor,Occupied,Occupied,Occupied,Occupied,Unoccupied,Occupied,Occupied,Occupied,Occupied,Occupied,Occupied,Occupied,Occupied,Occupied,Occupied,W. Springfield Street,South,Tremont Street,Shawmut Avenue
,13,Right,4,235,Visitor,Unoccupied,Occupied,Occupied,Occupied,Unoccupied,Occupied,Occupied,Occupied,Occupied,Occupied,Occupied,Occupied,Occupied,Occupied,Occupied,W. Springfield Street,South,Tremont Street,Shawmut Avenue
,13,Right,5,236,Visitor,Occupied,Occupied,Occupied,Occupied,Occupied,Occupied,Occupied,Occupied,Occupied,Occupied,Occupied,Occupied,Occupied,Occupied,Occupied,W. Springfield Street,South,Tremont Street,Shawmut Avenue
,14,Right,1,237,Resident Only,Occupied,Occupied,Occupied,Occupied,Occupied,Occupied,Occupied,Occupied,Occupied,Occupied,Occupied,Occupied,Occupied,Occupied,Occupied,Shawmut Avenue,West,W. Springfield Street,Massachusetts Avenue
,14,Right,1,238,Resident Only,Occupied,Occupied,Occupied,Occupied,Occupied,Occupied,Unoccupied,Occupied,Unoccupied,Occupied,Occupied,Occupied,Occupied,Occupied,Occupied,Shawmut Avenue,West,W. Springfield Street,Massachusetts Avenue
,14,Right,2,239,Resident Only,Occupied,Occupied,Occupied,Occupied,Occupied,Unoccupied,Unoccupied,Unoccupied,Occupied,Occupied,Occupied,Occupied,Occupied,Occupied,Occupied,Shawmut Avenue,West,W. Springfield Street,Massachusetts Avenue
,14,Right,3,240,Resident Only,Occupied,Occupied,Occupied,Occupied,Occupied,Occupied,Occupied,Occupied,Occupied,Occupied,Occupied,Occupied,Occupied,Occupied,Occupied,Shawmut Avenue,West,W. Springfield Street,Massachusetts Avenue
,14,Right,4,241,Resident Only,Unoccupied,Unoccupied,Unoccupied,Occupied,Occupied,Occupied,Occupied,Occupied,Occupied,Occupied,Occupied,Occupied,Occupied,Occupied,Occupied,Shawmut Avenue,West,W. Springfield Street,Massachusetts Avenue
,14,Right,1,242,Resident Only,Occupied,Unoccupied,Occupied,Unoccupied,Unoccupied,Unoccupied,Unoccupied,Unoccupied,Unoccupied,Occupied,Occupied,Occupied,Occupied,Occupied,Occupied,Shawmut Avenue,West,W. Springfield Street,Massachusetts Avenue
,14,Right,2,243,Resident Only,Unoccupied,Unoccupied,Unoccupied,Unoccupied,Unoccupied,Unoccupied,Unoccupied,Unoccupied,Unoccupied,Unoccupied,Unoccupied,Unoccupied,Unoccupied,Unoccupied,Unoccupied,Shawmut Avenue,West,W. Springfield Street,Massachusetts Avenue
,14,Right,3,244,Resident Only,Occupied,Occupied,Occupied,Occupied,Occupied,Occupied,Occupied,Occupied,Occupied,Occupied,Occupied,Occupied,Occupied,Occupied,Occupied,Shawmut Avenue,West,W. Springfield Street,Massachusetts Avenue
,14,Right,4,245,Resident Only,Unoccupied,Unoccupied,Unoccupied,Unoccupied,Unoccupied,Unoccupied,Unoccupied,Unoccupied,Unoccupied,Unoccupied,Unoccupied,Unoccupied,Unoccupied,Unoccupied,Unoccupied,Shawmut Avenue,West,W. Springfield Street,Massachusetts Avenue
Lal,2,Left,1,246,Resident Only,Occupied,Unoccupied,Unoccupied,Unoccupied,Unoccupied,Unoccupied,Unoccupied,Unoccupied,Unoccupied,Unoccupied,Unoccupied,Unoccupied,Unoccupied,Unoccupied,Unoccupied,Chester Square,North,Massachusetts Avenue,Massachusetts Avenue
Lal,2,Left,2,247,Resident Only,Occupied,Unoccupied,Unoccupied,Unoccupied,Unoccupied,Unoccupied,Unoccupied,Unoccupied,Unoccupied,Unoccupied,Unoccupied,Unoccupied,Unoccupied,Unoccupied,Unoccupied,Chester Square,North,Massachusetts Avenue,Massachusetts Avenue
Lal,2,Left,3,248,Resident Only,Occupied,Unoccupied,Unoccupied,Unoccupied,Unoccupied,Unoccupied,Unoccupied,Unoccupied,Unoccupied,Unoccupied,Unoccupied,Unoccupied,Unoccupied,Unoccupied,Unoccupied,Chester Square,North,Massachusetts Avenue,Massachusetts Avenue
Lal,2,Left,4,249,Resident Only,Occupied,Occupied,Unoccupied,Unoccupied,Unoccupied,Unoccupied,Unoccupied,Unoccupied,Unoccupied,Unoccupied,Unoccupied,Unoccupied,Unoccupied,Unoccupied,Unoccupied,Chester Square,North,Massachusetts Avenue,Massachusetts Avenue
Lal,2,Left,5,250,Resident Only,Unoccupied,Unoccupied,Unoccupied,Unoccupied,Unoccupied,Unoccupied,Unoccupied,Unoccupied,Unoccupied,Unoccupied,Unoccupied,Unoccupied,Occupied,Occupied,Occupied,Chester Square,North,Massachusetts Avenue,Massachusetts Avenue
Lal,2,Left,6,251,Resident Only,Unoccupied,Unoccupied,Unoccupied,Unoccupied,Unoccupied,Unoccupied,Unoccupied,Unoccupied,Unoccupied,Unoccupied,Unoccupied,Unoccupied,Occupied,Occupied,Occupied,Chester Square,North,Massachusetts Avenue,Massachusetts Avenue
Lal,2,Left,7,252,Resident Only,Unoccupied,Unoccupied,Unoccupied,Unoccupied,Unoccupied,Unoccupied,Unoccupied,Unoccupied,Unoccupied,Unoccupied,Unoccupied,Unoccupied,Unoccupied,Occupied,Occupied,Chester Square,North,Massachusetts Avenue,Massachusetts Avenue
Lal,2,Left,8,253,Resident Only,Occupied,Unoccupied,Unoccupied,Unoccupied,Unoccupied,Unoccupied,Unoccupied,Unoccupied,Unoccupied,Unoccupied,Unoccupied,Unoccupied,Unoccupied,Unoccupied,Unoccupied,Chester Square,North,Massachusetts Avenue,Massachusetts Avenue
Lal,2,Left,9,254,Resident Only,Occupied,Unoccupied,Unoccupied,Unoccupied,Unoccupied,Unoccupied,Unoccupied,Unoccupied,Unoccupied,Unoccupied,Unoccupied,Unoccupied,Unoccupied,Occupied,Occupied,Chester Square,North,Massachusetts Avenue,Massachusetts Avenue
Lal,2,Left,1,255,Resident Only,Unoccupied,Unoccupied,Unoccupied,Unoccupied,Unoccupied,Unoccupied,Unoccupied,Unoccupied,Unoccupied,Unoccupied,Unoccupied,Unoccupied,Unoccupied,Unoccupied,Unoccupied,Chester Square,North,Massachusetts Avenue,Massachusetts Avenue
Lal,2,Left,2,256,Resident Only,Unoccupied,Unoccupied,Unoccupied,Unoccupied,Unoccupied,Unoccupied,Unoccupied,Unoccupied,Unoccupied,Unoccupied,Unoccupied,Unoccupied,Unoccupied,Unoccupied,Unoccupied,Chester Square,North,Massachusetts Avenue,Massachusetts Avenue
Lal,2,Left,3,257,Resident Only,Unoccupied,Unoccupied,Unoccupied,Unoccupied,Unoccupied,Unoccupied,Unoccupied,Unoccupied,Unoccupied,Unoccupied,Unoccupied,Unoccupied,Unoccupied,Unoccupied,Unoccupied,Chester Square,North,Massachusetts Avenue,Massachusetts Avenue
Lal,2,Left,4,258,Resident Only,Unoccupied,Unoccupied,Unoccupied,Unoccupied,Unoccupied,Unoccupied,Unoccupied,Unoccupied,Unoccupied,Unoccupied,Unoccupied,Unoccupied,Unoccupied,Unoccupied,Unoccupied,Chester Square,North,Massachusetts Avenue,Massachusetts Avenue
Lal,2,Left,5,259,Resident Only,Unoccupied,Unoccupied,Unoccupied,Unoccupied,Unoccupied,Unoccupied,Unoccupied,Unoccupied,Unoccupied,Unoccupied,Unoccupied,Unoccupied,Unoccupied,Unoccupied,Unoccupied,Chester Square,North,Massachusetts Avenue,Massachusetts Avenue
Lal,2,Left,6,260,Resident Only,Occupied,Occupied,Unoccupied,Unoccupied,Unoccupied,Unoccupied,Unoccupied,Unoccupied,Unoccupied,Unoccupied,Unoccupied,Unoccupied,Unoccupied,Occupied,Occupied,Chester Square,North,Massachusetts Avenue,Massachusetts Avenue
Lal,2,Left,7,261,Resident Only,Occupied,Occupied,Unoccupied,Unoccupied,Unoccupied,Unoccupied,Unoccupied,Unoccupied,Unoccupied,Unoccupied,Unoccupied,Unoccupied,Occupied,Occupied,Occupied,Chester Square,North,Massachusetts Avenue,Massachusetts Avenue
Lal,2,Left,8,262,Resident Only,Occupied,Unoccupied,Unoccupied,Unoccupied,Unoccupied,Unoccupied,Unoccupied,Unoccupied,Unoccupied,Unoccupied,Unoccupied,Unoccupied,Occupied,Occupied,Occupied,Chester Square,North,Massachusetts Avenue,Massachusetts Avenue
Lal,9,Left,1,263,Resident Only,Occupied,Occupied,Occupied,Occupied,Occupied,Occupied,Occupied,Occupied,Occupied,Occupied,Occupied,Occupied,Occupied,Occupied,Occupied,Chester Square,South,Chester Square - Entrance,Massachusetts Avenue
Lal,9,Left,2,264,Resident Only,Occupied,Occupied,Occupied,Unoccupied,Unoccupied,Unoccupied,Unoccupied,Unoccupied,Unoccupied,Occupied,Occupied,Occupied,Occupied,Occupied,Occupied,Chester Square,South,Chester Square - Entrance,Massachusetts Avenue
Lal,9,Left,3,265,Resident Only,Unoccupied,Unoccupied,Unoccupied,Occupied,Occupied,Occupied,Unoccupied,Unoccupied,Unoccupied,Unoccupied,Occupied,Occupied,Occupied,Occupied,Occupied,Chester Square,South,Chester Square - Entrance,Massachusetts Avenue
Lal,9,Left,4,266,Resident Only,Occupied,Occupied,Occupied,Occupied,Occupied,Unoccupied,Occupied,Unoccupied,Unoccupied,Unoccupied,Unoccupied,Unoccupied,Unoccupied,Occupied,Occupied,Chester Square,South,Chester Square - Entrance,Massachusetts Avenue
Lal,9,Left,5,267,Resident Only,Occupied,Occupied,Occupied,Occupied,Occupied,Occupied,Occupied,Occupied,Occupied,Occupied,Occupied,Occupied,Occupied,Occupied,Occupied,Chester Square,South,Chester Square - Entrance,Massachusetts Avenue
Lal,9,Left,6,268,Resident Only,Occupied,Occupied,Occupied,Occupied,Occupied,Occupied,Occupied,Occupied,Occupied,Occupied,Occupied,Occupied,Occupied,Occupied,Occupied,Chester Square,South,Chester Square - Entrance,Massachusetts Avenue
Lal,9,Left,7,269,Resident Only,Occupied,Occupied,Occupied,Occupied,Occupied,Occupied,Occupied,Occupied,Occupied,Occupied,Occupied,Occupied,Occupied,Occupied,Occupied,Chester Square,South,Chester Square - Entrance,Massachusetts Avenue
Lal,9,Left,8,270,Resident Only,Occupied,Occupied,Occupied,Occupied,Occupied,Occupied,Occupied,Occupied,Occupied,Occupied,Occupied,Occupied,Occupied,Occupied,Occupied,Chester Square,South,Chester Square - Entrance,Massachusetts Avenue
Lal,9,Left,9,271,Resident Only,Occupied,Occupied,Unoccupied,Unoccupied,Unoccupied,Unoccupied,Occupied,Occupied,Occupied,Unoccupied,Unoccupied,Occupied,Occupied,Occupied,Occupied,Chester Square,South,Chester Square - Entrance,Massachusetts Avenue
Lal,9,Left,10,272,Resident Only,Occupied,Occupied,Occupied,Occupied,Occupied,Occupied,Occupied,Occupied,Occupied,Occupied,Occupied,Occupied,Occupied,Occupied,Occupied,Chester Square,South,Chester Square - Entrance,Massachusetts Avenue
Lal,9,Left,1,273,Resident Only,Occupied,Unoccupied,Unoccupied,Unoccupied,Unoccupied,Occupied,Occupied,Occupied,Occupied,Unoccupied,Occupied,Occupied,Occupied,Occupied,Occupied,Chester Square,South,Chester Square - Entrance,Massachusetts Avenue
Lal,9,Left,2,274,Resident Only,Unoccupied,Unoccupied,Unoccupied,Unoccupied,Unoccupied,Unoccupied,Unoccupied,Unoccupied,Unoccupied,Occupied,Unoccupied,Unoccupied,Unoccupied,Unoccupied,Unoccupied,Chester Square,South,Chester Square - Entrance,Massachusetts Avenue
Lal,9,Left,3,275,Resident Only,Occupied,Occupied,Occupied,Occupied,Occupied,Occupied,Occupied,Unoccupied,Unoccupied,Unoccupied,Occupied,Occupied,Occupied,Occupied,Occupied,Chester Square,South,Chester Square - Entrance,Massachusetts Avenue
Lal,9,Left,4,276,Resident Only,Occupied,Occupied,Occupied,Occupied,Occupied,Occupied,Occupied,Occupied,Occupied,Occupied,Occupied,Occupied,Occupied,Occupied,Occupied,Chester Square,South,Chester Square - Entrance,Massachusetts Avenue
Lal,9,Left,5,277,Resident Only,Unoccupied,Unoccupied,Unoccupied,Unoccupied,Unoccupied,Unoccupied,Unoccupied,Occupied,Unoccupied,Unoccupied,Occupied,Occupied,Occupied,Occupied,Occupied,Chester Square,South,Chester Square - Entrance,Massachusetts Avenue
Lal,9,Left,6,278,Resident Only,Occupied,Occupied,Occupied,Unoccupied,Occupied,Unoccupied,Unoccupied,Unoccupied,Unoccupied,Unoccupied,Unoccupied,Unoccupied,Unoccupied,Unoccupied,Unoccupied,Chester Square,South,Chester Square - Entrance,Massachusetts Avenue
Lal,9,Left,7,279,Resident Only,Occupied,Occupied,Occupied,Occupied,Occupied,Unoccupied,Unoccupied,Unoccupied,Occupied,Unoccupied,Occupied,Occupied,Occupied,Occupied,Occupied,Chester Square,South,Chester Square - Entrance,Massachusetts Avenue
Lal,9,Left,8,280,Resident Only,Occupied,Occupied,Occupied,Occupied,Occupied,Occupied,Occupied,Occupied,Occupied,Occupied,Occupied,Occupied,Occupied,Occupied,Occupied,Chester Square,South,Chester Square - Entrance,Massachusetts Avenue
Lal,9,Left,9,281,Resident Only,Unoccupied,Unoccupied,Unoccupied,Unoccupied,Unoccupied,Unoccupied,Unoccupied,Unoccupied,Unoccupied,Unoccupied,Unoccupied,Occupied,Occupied,Occupied,Occupied,Chester Square,South,Chester Square - Entrance,Massachusetts Avenue
Lal,9,Left,10,282,Resident Only,Occupied,Unoccupied,Occupied,Unoccupied,Occupied,Unoccupied,Occupied,Occupied,Occupied,Occupied,Unoccupied,Occupied,Occupied,Occupied,Occupied,Chester Square,South,Chester Square - Entrance,Massachusetts Avenue
Lal,9,Left,11,283,Resident Only,Occupied,Occupied,Occupied,Occupied,Unoccupied,Occupied,Unoccupied,Unoccupied,Unoccupied,Unoccupied,Occupied,Occupied,Occupied,Occupied,Occupied,Chester Square,South,Chester Square - Entrance,Massachusetts Avenue
Lal,11,Left,1,284,Resident Only,Occupied,Occupied,Occupied,Occupied,Occupied,Occupied,Occupied,Occupied,Occupied,Occupied,Occupied,Occupied,Occupied,Occupied,Occupied,Shawmut Avenue,West,Massachusetts Avenue,Northampton Street
Lal,11,Left,2,285,Resident Only,Occupied,Occupied,Occupied,Occupied,Occupied,Occupied,Occupied,Occupied,Occupied,Occupied,Occupied,Occupied,Occupied,Occupied,Occupied,Shawmut Avenue,West,Massachusetts Avenue,Northampton Street
Lal,11,Left,1,286,Resident Only,Occupied,Occupied,Occupied,Occupied,Occupied,Occupied,Occupied,Occupied,Occupied,Occupied,Occupied,Occupied,Occupied,Occupied,Occupied,Shawmut Avenue,West,Massachusetts Avenue,Northampton Street
Lal,11,Left,2,287,Resident Only,Occupied,Occupied,Occupied,Occupied,Occupied,Occupied,Occupied,Occupied,Occupied,Occupied,Occupied,Occupied,Occupied,Occupied,Occupied,Shawmut Avenue,West,Massachusetts Avenue,Northampton Street
Lal,11,Left,1,288,Resident Only,Occupied,Occupied,Occupied,Occupied,Occupied,Occupied,Occupied,Occupied,Occupied,Occupied,Occupied,Occupied,Occupied,Occupied,Occupied,Shawmut Avenue,West,Massachusetts Avenue,Northampton Street
Lal,11,Left,2,289,Resident Only,Occupied,Occupied,Occupied,Occupied,Occupied,Occupied,Occupied,Occupied,Occupied,Occupied,Occupied,Occupied,Occupied,Occupied,Occupied,Shawmut Avenue,West,Massachusetts Avenue,Northampton Street
Victoria,12,Left,1,290,Resident Only,Occupied,Unoccupied,Unoccupied,Unoccupied,Unoccupied,Unoccupied,Unoccupied,Unoccupied,Unoccupied,Unoccupied,Unoccupied,Unoccupied,Occupied,Occupied,Occupied,Northampton Street,North,Shawmut Avenue,Tremont Street
Victoria,12,Left,2,291,Resident Only,Unoccupied,Unoccupied,Occupied,Occupied,Occupied,Occupied,Occupied,Occupied,Occupied,Occupied,Occupied,Occupied,Occupied,Occupied,Occupied,Northampton Street,North,Shawmut Avenue,Tremont Street
Victoria,12,Left,3,292,Resident Only,Unoccupied,Unoccupied,Unoccupied,Unoccupied,Unoccupied,Unoccupied,Unoccupied,Unoccupied,Unoccupied,Unoccupied,Unoccupied,Unoccupied,Unoccupied,Unoccupied,Unoccupied,Northampton Street,North,Shawmut Avenue,Tremont Street
Victoria,12,Left,4,293,Resident Only,Unoccupied,Occupied,Occupied,Occupied,Occupied,Occupied,Occupied,Occupied,Occupied,Occupied,Occupied,Occupied,Occupied,Occupied,Occupied,Northampton Street,North,Shawmut Avenue,Tremont Street
Victoria,12,Left,5,294,Resident Only,Occupied,Occupied,Occupied,Occupied,Occupied,Occupied,Unoccupied,Unoccupied,Unoccupied,Unoccupied,Occupied,Occupied,Occupied,Occupied,Occupied,Northampton Street,North,Shawmut Avenue,Tremont Street
Victoria,12,Left,6,295,Resident Only,Unoccupied,Unoccupied,Unoccupied,Unoccupied,Unoccupied,Unoccupied,Unoccupied,Unoccupied,Unoccupied,Unoccupied,Unoccupied,Unoccupied,Unoccupied,Unoccupied,Unoccupied,Northampton Street,North,Shawmut Avenue,Tremont Street
Victoria,12,Left,7,296,Resident Only,Occupied,Occupied,Unoccupied,Unoccupied,Occupied,Unoccupied,Unoccupied,Unoccupied,Unoccupied,Unoccupied,Unoccupied,Occupied,Occupied,Occupied,Occupied,Northampton Street,North,Shawmut Avenue,Tremont Street
Victoria,12,Left,1,297,Resident Only,Occupied,Occupied,Occupied,Unoccupied,Unoccupied,Unoccupied,Unoccupied,Unoccupied,Occupied,Occupied,Occupied,Occupied,Occupied,Occupied,Occupied,Northampton Street,North,Shawmut Avenue,Tremont Street
Victoria,12,Left,2,298,Resident Only,Occupied,Occupied,Occupied,Occupied,Occupied,Occupied,Occupied,Occupied,Occupied,Occupied,Occupied,Unoccupied,Occupied,Occupied,Occupied,Northampton Street,North,Shawmut Avenue,Tremont Street
Victoria,12,Left,3,299,Resident Only,Unoccupied,Unoccupied,Unoccupied,Unoccupied,Unoccupied,Unoccupied,Unoccupied,Unoccupied,Unoccupied,Unoccupied,Unoccupied,Unoccupied,Occupied,Occupied,Occupied,Northampton Street,North,Shawmut Avenue,Tremont Street
Victoria,12,Left,4,300,Resident Only,Occupied,Occupied,Occupied,Occupied,Occupied,Occupied,Occupied,Occupied,Occupied,Occupied,Occupied,Occupied,Occupied,Occupied,Unoccupied,Northampton Street,North,Shawmut Avenue,Tremont Street
Victoria,12,Left,5,301,Resident Only,Occupied,Unoccupied,Unoccupied,Unoccupied,Unoccupied,Unoccupied,Unoccupied,Unoccupied,Unoccupied,Unoccupied,Unoccupied,Unoccupied,Unoccupied,Unoccupied,Unoccupied,Northampton Street,North,Shawmut Avenue,Tremont Street
Victoria,12,Left,6,302,Resident Only,Occupied,Occupied,Occupied,Occupied,Occupied,Occupied,Occupied,Occupied,Occupied,Occupied,Occupied,Occupied,Occupied,Occupied,Occupied,Northampton Street,North,Shawmut Avenue,Tremont Street
Victoria,12,Left,7,303,Resident Only,Occupied,Occupied,Unoccupied,Unoccupied,Unoccupied,Unoccupied,Unoccupied,Unoccupied,Unoccupied,Unoccupied,Unoccupied,Unoccupied,Occupied,Occupied,Occupied,Northampton Street,North,Shawmut Avenue,Tremont Street
Victoria,12,Left,8,304,Resident Only,Occupied,Occupied,Unoccupied,Unoccupied,Unoccupied,Unoccupied,Unoccupied,Unoccupied,Occupied,Unoccupied,Occupied,Occupied,Occupied,Occupied,Occupied,Northampton Street,North,Shawmut Avenue,Tremont Street
Victoria,12,Left,1,305,Resident Only,Unoccupied,Unoccupied,Unoccupied,Unoccupied,Unoccupied,Unoccupied,Unoccupied,Occupied,Occupied,Occupied,Occupied,Occupied,Occupied,Unoccupied,Occupied,Northampton Street,North,Shawmut Avenue,Tremont Street
Victoria,12,Left,2,306,Resident Only,Unoccupied,Unoccupied,Unoccupied,Unoccupied,Unoccupied,Unoccupied,Occupied,Occupied,Occupied,Occupied,Occupied,Occupied,Occupied,Occupied,Occupied,Northampton Street,North,Shawmut Avenue,Tremont Street
Victoria,12,Left,3,307,Resident Only,Occupied,Occupied,Occupied,Occupied,Occupied,Occupied,Unoccupied,Unoccupied,Unoccupied,Unoccupied,Unoccupied,Unoccupied,Unoccupied,Unoccupied,Unoccupied,Northampton Street,North,Shawmut Avenue,Tremont Street
Victoria,12,Left,4,308,Resident Only,Unoccupied,Unoccupied,Unoccupied,Unoccupied,Unoccupied,Unoccupied,Unoccupied,Unoccupied,Unoccupied,Unoccupied,Unoccupied,Unoccupied,Unoccupied,Unoccupied,Unoccupied,Northampton Street,North,Shawmut Avenue,Tremont Street
Victoria,12,Left,5,309,Resident Only,Occupied,Occupied,Occupied,Occupied,Occupied,Occupied,Occupied,Occupied,Occupied,Occupied,Occupied,Occupied,Unoccupied,Occupied,Occupied,Northampton Street,North,Shawmut Avenue,Tremont Street
Victoria,12,Left,1,310,Resident Only,Occupied,Unoccupied,Unoccupied,Unoccupied,Unoccupied,Unoccupied,Unoccupied,Unoccupied,Occupied,Occupied,Occupied,Occupied,Occupied,Occupied,Occupied,Northampton Street,North,Shawmut Avenue,Tremont Street
Victoria,12,Left,1,311,Resident Only,Unoccupied,Unoccupied,Unoccupied,Unoccupied,Unoccupied,Unoccupied,Unoccupied,Unoccupied,Unoccupied,Unoccupied,Unoccupied,Unoccupied,Unoccupied,Occupied,Occupied,Northampton Street,North,Shawmut Avenue,Tremont Street
Victoria,12,Left,2,312,Resident Only,Occupied,Occupied,Occupied,Occupied,Occupied,Occupied,Occupied,Occupied,Occupied,Occupied,Occupied,Occupied,Occupied,Occupied,Occupied,Northampton Street,North,Shawmut Avenue,Tremont Street
Victoria,12,Left,3,313,Resident Only,Unoccupied,Occupied,Unoccupied,Unoccupied,Unoccupied,Unoccupied,Unoccupied,Unoccupied,Unoccupied,Unoccupied,Unoccupied,Unoccupied,Occupied,Occupied,Occupied,Northampton Street,North,Shawmut Avenue,Tremont Street
Victoria,12,Left,4,314,Resident Only,Occupied,Unoccupied,Unoccupied,Unoccupied,Occupied,Occupied,Occupied,Unoccupied,Occupied,Occupied,Occupied,Occupied,Occupied,Occupied,Occupied,Northampton Street,North,Shawmut Avenue,Tremont Street
Victoria,12,Left,5,315,Resident Only,Occupied,Occupied,Occupied,Occupied,Occupied,Occupied,Occupied,Occupied,Occupied,Occupied,Occupied,Occupied,Occupied,Occupied,Occupied,Northampton Street,North,Shawmut Avenue,Tremont Street
Victoria,12,Left,6,316,Resident Only,Occupied,Occupied,Occupied,Unoccupied,Unoccupied,Unoccupied,Unoccupied,Unoccupied,Unoccupied,Unoccupied,Unoccupied,Occupied,Occupied,Occupied,Occupied,Northampton Street,North,Shawmut Avenue,Tremont Street
Victoria,12,Left,1,317,Resident Only,Unoccupied,Unoccupied,Occupied,Unoccupied,Occupied,Occupied,Occupied,Occupied,Occupied,Occupied,Occupied,Occupied,Occupied,Occupied,Occupied,Northampton Street,North,Shawmut Avenue,Tremont Street
Victoria,12,Left,2,318,Resident Only,Occupied,Occupied,Occupied,Occupied,Occupied,Occupied,Occupied,Occupied,Occupied,Occupied,Occupied,Occupied,Occupied,Occupied,Occupied,Northampton Street,North,Shawmut Avenue,Tremont Street
Victoria,12,Left,3,319,Resident Only,Occupied,Occupied,Occupied,Occupied,Occupied,Occupied,Unoccupied,Unoccupied,Unoccupied,Occupied,Unoccupied,Unoccupied,Occupied,Occupied,Occupied,Northampton Street,North,Shawmut Avenue,Tremont Street
Victoria,12,Left,4,320,Resident Only,Occupied,Occupied,Occupied,Unoccupied,Unoccupied,Unoccupied,Unoccupied,Unoccupied,Unoccupied,Unoccupied,Unoccupied,Unoccupied,Unoccupied,Unoccupied,Occupied,Northampton Street,North,Shawmut Avenue,Tremont Street
Victoria,12,Left,5,321,Resident Only,Unoccupied,Unoccupied,Unoccupied,Unoccupied,Occupied,Occupied,Occupied,Occupied,Occupied,Unoccupied,Unoccupied,Unoccupied,Unoccupied,Unoccupied,Unoccupied,Northampton Street,North,Shawmut Avenue,Tremont Street
Victoria,12,Left,6,322,Resident Only,Occupied,Occupied,Occupied,Occupied,Occupied,Occupied,Unoccupied,Unoccupied,Occupied,Unoccupied,Occupied,Occupied,Occupied,Occupied,Occupied,Northampton Street,North,Shawmut Avenue,Tremont Street
Victoria,12,Left,7,323,Resident Only,Occupied,Unoccupied,Occupied,Occupied,Unoccupied,Unoccupied,Unoccupied,Unoccupied,Unoccupied,Occupied,Occupied,Occupied,Occupied,Occupied,Occupied,Northampton Street,North,Shawmut Avenue,Tremont Street
Victoria,12,Left,1,324,Resident Only,Occupied,Occupied,Unoccupied,Unoccupied,Unoccupied,Unoccupied,Unoccupied,Unoccupied,Occupied,Occupied,Occupied,Occupied,Occupied,Occupied,Occupied,Northampton Street,North,Shawmut Avenue,Tremont Street
Victoria,12,Left,1,325,Resident Only,Occupied,Occupied,Occupied,Occupied,Occupied,Occupied,Occupied,Occupied,Occupied,Occupied,Occupied,Occupied,Occupied,Occupied,Occupied,Northampton Street,North,Shawmut Avenue,Tremont Street
Victoria,12,Left,2,326,Resident Only,Occupied,Occupied,Occupied,Occupied,Occupied,Occupied,Occupied,Occupied,Occupied,Occupied,Occupied,Occupied,Occupied,Occupied,Occupied,Northampton Street,North,Shawmut Avenue,Tremont Street
Victoria,12,Left,3,327,Resident Only,Occupied,Occupied,Occupied,Occupied,Occupied,Occupied,Occupied,Occupied,Occupied,Occupied,Occupied,Occupied,Occupied,Occupied,Occupied,Northampton Street,North,Shawmut Avenue,Tremont Street
Victoria,12,Left,4,328,Resident Only,Occupied,Occupied,Occupied,Occupied,Occupied,Occupied,Occupied,Occupied,Occupied,Occupied,Occupied,Occupied,Occupied,Occupied,Occupied,Northampton Street,North,Shawmut Avenue,Tremont Street
Victoria,12,Left,1,329,Resident Only,Unoccupied,Unoccupied,Unoccupied,Unoccupied,Unoccupied,Unoccupied,Unoccupied,Unoccupied,Unoccupied,Unoccupied,Unoccupied,Unoccupied,Unoccupied,Unoccupied,Occupied,Northampton Street,North,Shawmut Avenue,Tremont Street
Victoria,12,Left,2,330,Resident Only,Occupied,Occupied,Unoccupied,Occupied,Unoccupied,Occupied,Occupied,Occupied,Unoccupied,Unoccupied,Unoccupied,Occupied,Occupied,Occupied,Unoccupied,Northampton Street,North,Shawmut Avenue,Tremont Street
Victoria,12,Left,3,331,Resident Only,Occupied,Occupied,Occupied,Occupied,Occupied,Occupied,Occupied,Occupied,Occupied,Occupied,Occupied,Occupied,Occupied,Occupied,Occupied,Northampton Street,North,Shawmut Avenue,Tremont Street
Victoria,12,Left,4,332,Resident Only,Occupied,Occupied,Occupied,Occupied,Occupied,Occupied,Occupied,Occupied,Occupied,Occupied,Occupied,Occupied,Occupied,Occupied,Occupied,Northampton Street,North,Shawmut Avenue,Tremont Street
Victoria,12,Left,5,333,Resident Only,Occupied,Occupied,Occupied,Occupied,Occupied,Occupied,Occupied,Occupied,Occupied,Occupied,Occupied,Occupied,Occupied,Occupied,Occupied,Northampton Street,North,Shawmut Avenue,Tremont Street
Victoria,12,Left,6,334,Resident Only,Occupied,Occupied,Occupied,Occupied,Occupied,Occupied,Occupied,Occupied,Occupied,Occupied,Occupied,Occupied,Occupied,Unoccupied,Occupied,Northampton Street,North,Shawmut Avenue,Tremont Street
Victoria,12,Left,1,335,Resident Only,Occupied,Occupied,Occupied,Occupied,Occupied,Occupied,Unoccupied,Unoccupied,Unoccupied,Unoccupied,Unoccupied,Occupied,Occupied,Occupied,Occupied,Northampton Street,North,Shawmut Avenue,Tremont Street
Victoria,12,Left,2,336,Resident Only,Unoccupied,Occupied,Occupied,Occupied,Unoccupied,Unoccupied,Unoccupied,Unoccupied,Unoccupied,Occupied,Occupied,Occupied,Occupied,Occupied,Occupied,Northampton Street,North,Shawmut Avenue,Tremont Street
Victoria,12,Left,3,337,Resident Only,Unoccupied,Unoccupied,Unoccupied,Unoccupied,Occupied,Occupied,Occupied,Occupied,Occupied,Unoccupied,Unoccupied,Unoccupied,Unoccupied,Unoccupied,Occupied,Northampton Street,North,Shawmut Avenue,Tremont Street
Victoria,13,Left,1,338,Visitor Parking,Occupied,Occupied,Occupied,Occupied,Occupied,Occupied,Occupied,Occupied,Occupied,Occupied,Occupied,Occupied,Occupied,Occupied,Occupied,W. Springfield Street,South,Tremont Street,Shawmut Avenue
Victoria,13,Left,2,339,Visitor Parking,Occupied,Occupied,Unoccupied,Unoccupied,Occupied,Occupied,Occupied,Occupied,Unoccupied,Occupied,Occupied,Unoccupied,Occupied,Occupied,Occupied,W. Springfield Street,South,Tremont Street,Shawmut Avenue
Victoria,13,Left,3,340,Visitor Parking,Occupied,Occupied,Occupied,Occupied,Occupied,Occupied,Occupied,Occupied,Occupied,Occupied,Occupied,Occupied,Occupied,Occupied,Occupied,W. Springfield Street,South,Tremont Street,Shawmut Avenue
Victoria,13,Left,4,341,Visitor Parking,Occupied,Occupied,Occupied,Unoccupied,Occupied,Occupied,Occupied,Occupied,Occupied,Occupied,Occupied,Occupied,Occupied,Occupied,Occupied,W. Springfield Street,South,Tremont Street,Shawmut Avenue
Victoria,13,Left,5,342,Visitor Parking,Occupied,Occupied,Occupied,Occupied,Occupied,Occupied,Occupied,Occupied,Occupied,Occupied,Occupied,Occupied,Occupied,Occupied,Occupied,W. Springfield Street,South,Tremont Street,Shawmut Avenue
Victoria,13,Left,1,343,Visitor Parking,Occupied,Occupied,Occupied,Occupied,Occupied,Occupied,Occupied,Occupied,Occupied,Occupied,Occupied,Occupied,Occupied,Occupied,Occupied,W. Springfield Street,South,Tremont Street,Shawmut Avenue
Victoria,13,Left,HC 1,344,Handicapped,Unoccupied,Occupied,Occupied,Occupied,Occupied,Occupied,Occupied,Occupied,Occupied,Occupied,Occupied,Occupied,Occupied,Occupied,Occupied,W. Springfield Street,South,Tremont Street,Shawmut Avenue
Victoria,13,Left,2,345,Visitor Parking,Unoccupied,Unoccupied,Unoccupied,Unoccupied,Occupied,Occupied,Occupied,Occupied,Occupied,Occupied,Occupied,Occupied,Occupied,Occupied,Occupied,W. Springfield Street,South,Tremont Street,Shawmut Avenue
Victoria,13,Left,HC 2,346,Handicapped,Unoccupied,Unoccupied,Unoccupied,Unoccupied,Unoccupied,Unoccupied,Unoccupied,Unoccupied,Unoccupied,Occupied,Occupied,Occupied,Occupied,Occupied,Occupied,W. Springfield Street,South,Tremont Street,Shawmut Avenue
Victoria,13,Left,3,347,Visitor Parking,Occupied,Occupied,Occupied,Occupied,Occupied,Occupied,Occupied,Occupied,Occupied,Occupied,Occupied,Occupied,Occupied,Occupied,Occupied,W. Springfield Street,South,Tremont Street,Shawmut Avenue
Victoria,13,Left,1,348,Visitor Parking,Unoccupied,Unoccupied,Unoccupied,Unoccupied,Unoccupied,Occupied,Unoccupied,Unoccupied,Unoccupied,Unoccupied,Unoccupied,Occupied,Occupied,Occupied,Occupied,W. Springfield Street,South,Tremont Street,Shawmut Avenue
Victoria,13,Left,2,349,Visitor Parking,Occupied,Unoccupied,Unoccupied,Occupied,Unoccupied,Unoccupied,Unoccupied,Unoccupied,Unoccupied,Unoccupied,Unoccupied,Unoccupied,Occupied,Occupied,Unoccupied,W. Springfield Street,South,Tremont Street,Shawmut Avenue
Victoria,13,Left,3,350,Visitor Parking,Unoccupied,Unoccupied,Unoccupied,Unoccupied,Unoccupied,Unoccupied,Unoccupied,Unoccupied,Unoccupied,Unoccupied,Unoccupied,Occupied,Occupied,Occupied,Unoccupied,W. Springfield Street,South,Tremont Street,Shawmut Avenue
Victoria,13,Left,4,351,Visitor Parking,Occupied,Occupied,Unoccupied,Occupied,Unoccupied,Unoccupied,Unoccupied,Unoccupied,Unoccupied,Unoccupied,Unoccupied,Unoccupied,Unoccupied,Occupied,Occupied,W. Springfield Street,South,Tremont Street,Shawmut Avenue
Victoria,13,Left,1,352,Visitor Parking,Occupied,Occupied,Occupied,Unoccupied,Occupied,Occupied,Occupied,Unoccupied,Unoccupied,Occupied,Occupied,Occupied,Occupied,Occupied,Occupied,W. Springfield Street,South,Tremont Street,Shawmut Avenue
Victoria,13,Left,2,353,Visitor Parking,Occupied,Occupied,Occupied,Occupied,Occupied,Occupied,Occupied,Occupied,Occupied,Occupied,Occupied,Occupied,Occupied,Occupied,Occupied,W. Springfield Street,South,Tremont Street,Shawmut Avenue
Victoria,13,Left,3,354,Visitor Parking,Unoccupied,Unoccupied,Unoccupied,Unoccupied,Unoccupied,Unoccupied,Unoccupied,Unoccupied,Unoccupied,Unoccupied,Unoccupied,Unoccupied,Unoccupied,Unoccupied,Unoccupied,W. Springfield Street,South,Tremont Street,Shawmut Avenue
Victoria,13,Left,1,355,Visitor Parking,Occupied,Occupied,Occupied,Unoccupied,Unoccupied,Occupied,Occupied,Occupied,Occupied,Unoccupied,Unoccupied,Unoccupied,Occupied,Occupied,Occupied,W. Springfield Street,South,Tremont Street,Shawmut Avenue
Victoria,13,Left,2,356,Visitor Parking,Occupied,Unoccupied,Unoccupied,Occupied,Occupied,Unoccupied,Occupied,Occupied,Occupied,Unoccupied,Unoccupied,Unoccupied,Occupied,Occupied,Occupied,W. Springfield Street,South,Tremont Street,Shawmut Avenue
Victoria,13,Left,3,357,Visitor Parking,Occupied,Occupied,Occupied,Occupied,Occupied,Occupied,Occupied,Unoccupied,Occupied,Unoccupied,Unoccupied,Occupied,Occupied,Occupied,Occupied,W. Springfield Street,South,Tremont Street,Shawmut Avenue
Victoria,13,Left,1,358,Resident Only,Occupied,Unoccupied,Unoccupied,Unoccupied,Unoccupied,Unoccupied,Unoccupied,Occupied,Occupied,Occupied,Occupied,Occupied,Occupied,Occupied,Occupied,W. Springfield Street,South,Tremont Street,Shawmut Avenue
Victoria,13,Left,2,359,Resident Only,Unoccupied,Unoccupied,Unoccupied,Unoccupied,Unoccupied,Unoccupied,Unoccupied,Unoccupied,Unoccupied,Unoccupied,Unoccupied,Unoccupied,Unoccupied,Unoccupied,Unoccupied,W. Springfield Street,South,Tremont Street,Shawmut Avenue
Victoria,13,Left,3,360,Resident Only,Occupied,Occupied,Unoccupied,Occupied,Unoccupied,Occupied,Occupied,Occupied,Occupied,Occupied,Occupied,Occupied,Occupied,Occupied,Occupied,W. Springfield Street,South,Tremont Street,Shawmut Avenue
Victoria,13,Left,4,361,Resident Only,Occupied,Occupied,Occupied,Occupied,Occupied,Occupied,Occupied,Occupied,Occupied,Occupied,Occupied,Occupied,Occupied,Occupied,Occupied,W. Springfield Street,South,Tremont Street,Shawmut Avenue
Victoria,13,Left,1,362,Resident Only,Occupied,Occupied,Occupied,Occupied,Occupied,Occupied,Occupied,Occupied,Occupied,Occupied,Occupied,Occupied,Occupied,Occupied,Occupied,W. Springfield Street,South,Tremont Street,Shawmut Avenue
Victoria,13,Left,2,363,Resident Only,Occupied,Occupied,Occupied,Occupied,Occupied,Occupied,Occupied,Occupied,Occupied,Occupied,Occupied,Occupied,Occupied,Occupied,Occupied,W. Springfield Street,South,Tremont Street,Shawmut Avenue
Victoria,13,Left,3,364,Resident Only,Unoccupied,Unoccupied,Unoccupied,Unoccupied,Unoccupied,Unoccupied,Unoccupied,Unoccupied,Unoccupied,Unoccupied,Unoccupied,Unoccupied,Unoccupied,Unoccupied,Unoccupied,W. Springfield Street,South,Tremont Street,Shawmut Avenue
Victoria,13,Left,4,365,Resident Only,Occupied,Occupied,Occupied,Occupied,Occupied,Occupied,Occupied,Occupied,Occupied,Occupied,Occupied,Occupied,Occupied,Occupied,Occupied,W. Springfield Street,South,Tremont Street,Shawmut Avenue
Victoria,13,Left,5,366,Resident Only,Occupied,Occupied,Occupied,Occupied,Occupied,Occupied,Occupied,Occupied,Occupied,Occupied,Occupied,Occupied,Occupied,Occupied,Occupied,W. Springfield Street,South,Tremont Street,Shawmut Avenue
Victoria,13,Left,6,367,Resident Only,Occupied,Unoccupied,Unoccupied,Unoccupied,Unoccupied,Unoccupied,Unoccupied,Unoccupied,Occupied,Unoccupied,Occupied,Occupied,Occupied,Occupied,Occupied,W. Springfield Street,South,Tremont Street,Shawmut Avenue
Victoria,13,Left,7,368,Resident Only,Occupied,Occupied,Occupied,Occupied,Occupied,Occupied,Occupied,Occupied,Occupied,Occupied,Occupied,Occupied,Occupied,Occupied,Occupied,W. Springfield Street,South,Tremont Street,Shawmut Avenue
Victoria,13,Left,8,369,Resident Only,Occupied,Occupied,Occupied,Occupied,Occupied,Occupied,Occupied,Occupied,Occupied,Occupied,Occupied,Occupied,Occupied,Occupied,Occupied,W. Springfield Street,South,Tremont Street,Shawmut Avenue
Victoria,13,Left,1,370,Resident Only,Occupied,Occupied,Occupied,Occupied,Occupied,Occupied,Occupied,Occupied,Occupied,Occupied,Occupied,Occupied,Occupied,Occupied,Occupied,W. Springfield Street,South,Tremont Street,Shawmut Avenue
Victoria,13,Left,HC 1,371,Handicapped,Occupied,Occupied,Occupied,Occupied,Occupied,Occupied,Occupied,Occupied,Occupied,Unoccupied,Unoccupied,Occupied,Occupied,Occupied,Occupied,W. Springfield Street,South,Tremont Street,Shawmut Avenue
Victoria,13,Left,1,372,Resident Only,Occupied,Occupied,Occupied,Occupied,Occupied,Occupied,Occupied,Occupied,Unoccupied,Occupied,Occupied,Occupied,Occupied,Occupied,Occupied,W. Springfield Street,South,Tremont Street,Shawmut Avenue
Victoria,13,Left,2,373,Resident Only,Occupied,Occupied,Occupied,Occupied,Occupied,Occupied,Occupied,Occupied,Occupied,Occupied,Occupied,Occupied,Occupied,Occupied,Occupied,W. Springfield Street,South,Tremont Street,Shawmut Avenue
Victoria,13,Left,3,374,Resident Only,Occupied,Unoccupied,Unoccupied,Unoccupied,Unoccupied,Occupied,Occupied,Unoccupied,Unoccupied,Unoccupied,Unoccupied,Occupied,Occupied,Occupied,Occupied,W. Springfield Street,South,Tremont Street,Shawmut Avenue
Victoria,13,Left,4,375,Resident Only,Unoccupied,Occupied,Occupied,Unoccupied,Unoccupied,Unoccupied,Unoccupied,Occupied,Occupied,Occupied,Occupied,Occupied,Occupied,Occupied,Occupied,W. Springfield Street,South,Tremont Street,Shawmut Avenue
Victoria,14,Left,1,376,Resident Only,Occupied,Occupied,Occupied,Occupied,Unoccupied,Occupied,Unoccupied,Occupied,Occupied,Occupied,Occupied,Occupied,Occupied,Occupied,Occupied,Shawmut Avenue,West,W. Springfield Street,Massachusetts Avenue
Victoria,14,Left,2,377,Resident Only,Occupied,Occupied,Occupied,Unoccupied,Occupied,Occupied,Occupied,Unoccupied,Occupied,Occupied,Occupied,Occupied,Occupied,Occupied,Occupied,Shawmut Avenue,West,W. Springfield Street,Massachusetts Avenue
Victoria,14,Left,3,378,Resident Only,Occupied,Occupied,Unoccupied,Occupied,Occupied,Occupied,Occupied,Occupied,Unoccupied,Unoccupied,Unoccupied,Occupied,Occupied,Occupied,Occupied,Shawmut Avenue,West,W. Springfield Street,Massachusetts Avenue
Victoria,14,Left,4,379,Resident Only,Occupied,Occupied,Occupied,Occupied,Occupied,Occupied,Occupied,Occupied,Occupied,Occupied,Occupied,Occupied,Occupied,Occupied,Occupied,Shawmut Avenue,West,W. Springfield Street,Massachusetts Avenue
Victoria,14,Left,5,380,Resident Only,Occupied,Occupied,Occupied,Unoccupied,Unoccupied,Occupied,Occupied,Occupied,Unoccupied,Unoccupied,Occupied,Occupied,Occupied,Occupied,Occupied,Shawmut Avenue,West,W. Springfield Street,Massachusetts Avenue
Victoria,14,Left,1,381,Resident Only,Occupied,Occupied,Unoccupied,Unoccupied,Unoccupied,Unoccupied,Unoccupied,Unoccupied,Occupied,Unoccupied,Unoccupied,Occupied,Occupied,Occupied,Occupied,Shawmut Avenue,West,W. Springfield Street,Massachusetts Avenue
Victoria,14,Left,2,382,Resident Only,Unoccupied,Unoccupied,Unoccupied,Unoccupied,Unoccupied,Unoccupied,Unoccupied,Unoccupied,Unoccupied,Unoccupied,Unoccupied,Unoccupied,Unoccupied,Unoccupied,Unoccupied,Shawmut Avenue,West,W. Springfield Street,Massachusetts Avenue
Victoria,14,Left,3,383,Resident Only,Unoccupied,Unoccupied,Unoccupied,Unoccupied,Unoccupied,Unoccupied,Unoccupied,Unoccupied,Unoccupied,Unoccupied,Unoccupied,Unoccupied,Unoccupied,Unoccupied,Unoccupied,Shawmut Avenue,West,W. Springfield Street,Massachusetts Avenue
Victoria,14,Left,4,384,Resident Only,Unoccupied,Unoccupied,Unoccupied,Unoccupied,Unoccupied,Unoccupied,Unoccupied,Unoccupied,Unoccupied,Unoccupied,Unoccupied,Unoccupied,Unoccupied,Occupied,Occupied,Shawmut Avenue,West,W. Springfield Street,Massachusetts Avenue
