Absolute Spot Number,6:00 AM,7:00 AM,8:00 AM,9:00 AM,10:00 AM,11:00 AM,12:00 PM,1:00 PM,2:00 PM,3:00 PM,4:00 PM,5:00 PM,6:00 PM,7:00 PM,8:00 PM,Street Name
8,Unoccupied,Unoccupied,Unoccupied,Unoccupied,Unoccupied,Unoccupied,Unoccupied,Unoccupied,Unoccupied,Unoccupied,Unoccupied,Unoccupied,Unoccupied,Unoccupied,Unoccupied,Chester Square
9,Occupied,Unoccupied,Unoccupied,Unoccupied,Unoccupied,Unoccupied,Unoccupied,Unoccupied,Unoccupied,Unoccupied,Unoccupied,Unoccupied,Unoccupied,Unoccupied,Unoccupied,Chester Square
10,Unoccupied,Unoccupied,Unoccupied,Unoccupied,Unoccupied,Unoccupied,Unoccupied,Unoccupied,Unoccupied,Unoccupied,Unoccupied,Unoccupied,Unoccupied,Unoccupied,Unoccupied,Chester Square
11,Unoccupied,Unoccupied,Unoccupied,Unoccupied,Unoccupied,Unoccupied,Unoccupied,Unoccupied,Unoccupied,Unoccupied,Unoccupied,Unoccupied,Unoccupied,Unoccupied,Unoccupied,Chester Square
12,Unoccupied,Unoccupied,Unoccupied,Unoccupied,Unoccupied,Unoccupied,Unoccupied,Unoccupied,Unoccupied,Unoccupied,Unoccupied,Unoccupied,Unoccupied,Unoccupied,Unoccupied,Chester Square
13,Unoccupied,Unoccupied,Unoccupied,Unoccupied,Unoccupied,Unoccupied,Unoccupied,Unoccupied,Unoccupied,Unoccupied,Unoccupied,Unoccupied,Unoccupied,Unoccupied,Unoccupied,Chester Square
14,Unoccupied,Unoccupied,Unoccupied,Unoccupied,Unoccupied,Unoccupied,Unoccupied,Unoccupied,Unoccupied,Unoccupied,Unoccupied,Unoccupied,Unoccupied,Unoccupied,Unoccupied,Chester Square
15,Unoccupied,Unoccupied,Unoccupied,Unoccupied,Unoccupied,Unoccupied,Unoccupied,Unoccupied,Unoccupied,Unoccupied,Unoccupied,Unoccupied,Unoccupied,Unoccupied,Occupied,Chester Square
16,Unoccupied,Unoccupied,Unoccupied,Unoccupied,Unoccupied,Unoccupied,Unoccupied,Unoccupied,Unoccupied,Unoccupied,Unoccupied,Unoccupied,Unoccupied,Unoccupied,Unoccupied,Chester Square
17,Unoccupied,Unoccupied,Unoccupied,Unoccupied,Unoccupied,Unoccupied,Unoccupied,Unoccupied,Unoccupied,Unoccupied,Unoccupied,Unoccupied,Unoccupied,Unoccupied,Unoccupied,Chester Square
18,Unoccupied,Unoccupied,Unoccupied,Unoccupied,Unoccupied,Unoccupied,Unoccupied,Unoccupied,Unoccupied,Unoccupied,Unoccupied,Unoccupied,Unoccupied,Unoccupied,Unoccupied,Chester Square
19,Unoccupied,Unoccupied,Unoccupied,Unoccupied,Unoccupied,Unoccupied,Unoccupied,Unoccupied,Unoccupied,Unoccupied,Unoccupied,Unoccupied,Unoccupied,Unoccupied,Unoccupied,Chester Square
20,Unoccupied,Unoccupied,Unoccupied,Unoccupied,Unoccupied,Unoccupied,Unoccupied,Unoccupied,Unoccupied,Unoccupied,Unoccupied,Unoccupied,Unoccupied,Unoccupied,Unoccupied,Chester Square
21,Unoccupied,Unoccupied,Unoccupied,Unoccupied,Unoccupied,Unoccupied,Unoccupied,Unoccupied,Unoccupied,Unoccupied,Unoccupied,Unoccupied,Unoccupied,Unoccupied,Unoccupied,Chester Square
22,Occupied,Occupied,Occupied,Occupied,Occupied,Unoccupied,Unoccupied,Unoccupied,Unoccupied,Unoccupied,Unoccupied,Unoccupied,Unoccupied,Unoccupied,Occupied,Chester Square
23,Unoccupied,Unoccupied,Unoccupied,Occupied,Unoccupied,Unoccupied,Unoccupied,Unoccupied,Unoccupied,Unoccupied,Unoccupied,Unoccupied,Unoccupied,Unoccupied,Unoccupied,Chester Square
24,Occupied,Occupied,Occupied,Unoccupied,Unoccupied,Unoccupied,Unoccupied,Unoccupied,Unoccupied,Unoccupied,Unoccupied,Unoccupied,Unoccupied,Unoccupied,Unoccupied,Chester Square
25,Unoccupied,Unoccupied,Unoccupied,Unoccupied,Unoccupied,Unoccupied,Unoccupied,Unoccupied,Unoccupied,Unoccupied,Unoccupied,Unoccupied,Unoccupied,Unoccupied,Unoccupied,Chester Square
26,Unoccupied,Unoccupied,Unoccupied,Unoccupied,Unoccupied,Unoccupied,Unoccupied,Unoccupied,Unoccupied,Unoccupied,Unoccupied,Unoccupied,Unoccupied,Unoccupied,Unoccupied,Chester Square
27,Unoccupied,Unoccupied,Unoccupied,Unoccupied,Unoccupied,Unoccupied,Unoccupied,Unoccupied,Unoccupied,Unoccupied,Unoccupied,Unoccupied,Occupied,Occupied,Occupied,Chester Square
28,Occupied,Unoccupied,Unoccupied,Unoccupied,Unoccupied,Unoccupied,Unoccupied,Unoccupied,Unoccupied,Unoccupied,Unoccupied,Unoccupied,Occupied,Occupied,Occupied,Chester Square
29,Occupied,Unoccupied,Unoccupied,Occupied,Occupied,Unoccupied,Unoccupied,Unoccupied,Unoccupied,Unoccupied,Unoccupied,Unoccupied,Unoccupied,Unoccupied,Unoccupied,Chester Square
92,Occupied,Occupied,Occupied,Occupied,Occupied,Occupied,Occupied,Unoccupied,Unoccupied,Occupied,Occupied,Occupied,Occupied,Occupied,Occupied,Chester Square
93,Occupied,Unoccupied,Unoccupied,Occupied,Occupied,Occupied,Occupied,Occupied,Occupied,Occupied,Occupied,Occupied,Occupied,Occupied,Occupied,Chester Square
94,Unoccupied,Unoccupied,Unoccupied,Unoccupied,Unoccupied,Unoccupied,Unoccupied,Unoccupied,Unoccupied,Unoccupied,Unoccupied,Unoccupied,Unoccupied,Unoccupied,Unoccupied,Chester Square
95,Occupied,Occupied,Occupied,Occupied,Occupied,Occupied,Occupied,Occupied,Occupied,Occupied,Occupied,Occupied,Occupied,Occupied,Occupied,Chester Square
96,Occupied,Occupied,Occupied,Occupied,Unoccupied,Occupied,Occupied,Occupied,Occupied,Occupied,Occupied,Occupied,Occupied,Occupied,Occupied,Chester Square
97,Occupied,Unoccupied,Unoccupied,Occupied,Occupied,Occupied,Occupied,Occupied,Occupied,Occupied,Occupied,Occupied,Occupied,Occupied,Occupied,Chester Square
98,Occupied,Occupied,Unoccupied,Occupied,Occupied,Occupied,Occupied,Occupied,Occupied,Occupied,Occupied,Occupied,Unoccupied,Occupied,Occupied,Chester Square
99,Unoccupied,Occupied,Unoccupied,Unoccupied,Unoccupied,Unoccupied,Unoccupied,Unoccupied,Unoccupied,Unoccupied,Unoccupied,Occupied,Occupied,Occupied,Occupied,Chester Square
100,Occupied,Unoccupied,Unoccupied,Occupied,Occupied,Unoccupied,Unoccupied,Unoccupied,Unoccupied,Unoccupied,Unoccupied,Occupied,Occupied,Occupied,Occupied,Chester Square
101,Occupied,Occupied,Occupied,Occupied,Occupied,Occupied,Occupied,Occupied,Occupied,Occupied,Occupied,Occupied,Occupied,Occupied,Occupied,Chester Square
102,Occupied,Occupied,Unoccupied,Unoccupied,Unoccupied,Unoccupied,Unoccupied,Unoccupied,Unoccupied,Occupied,Occupied,Occupied,Occupied,Occupied,Occupied,Chester Square
103,Occupied,Occupied,Occupied,Occupied,Occupied,Occupied,Occupied,Occupied,Occupied,Occupied,Occupied,Occupied,Occupied,Occupied,Occupied,Chester Square
104,Occupied,Unoccupied,Occupied,Unoccupied,Unoccupied,Unoccupied,Unoccupied,Occupied,Occupied,Occupied,Occupied,Occupied,Occupied,Occupied,Occupied,Chester Square
105,Occupied,Occupied,Occupied,Occupied,Occupied,Unoccupied,Unoccupied,Occupied,Occupied,Occupied,Occupied,Occupied,Occupied,Occupied,Occupied,Chester Square
106,Unoccupied,Unoccupied,Unoccupied,Unoccupied,Unoccupied,Unoccupied,Unoccupied,Unoccupied,Unoccupied,Unoccupied,Unoccupied,Unoccupied,Unoccupied,Unoccupied,Unoccupied,Chester Square
107,Occupied,Occupied,Occupied,Occupied,Occupied,Occupied,Occupied,Occupied,Occupied,Occupied,Occupied,Occupied,Occupied,Occupied,Occupied,Chester Square
108,Occupied,Occupied,Occupied,Occupied,Occupied,Occupied,Occupied,Occupied,Occupied,Occupied,Occupied,Occupied,Occupied,Occupied,Occupied,Chester Square
109,Unoccupied,Unoccupied,Unoccupied,Unoccupied,Unoccupied,Occupied,Unoccupied,Unoccupied,Unoccupied,Occupied,Occupied,Occupied,Occupied,Occupied,Occupied,Chester Square
110,Occupied,Occupied,Occupied,Occupied,Occupied,Occupied,Unoccupied,Unoccupied,Unoccupied,Unoccupied,Occupied,Occupied,Occupied,Occupied,Occupied,Chester Square
111,Occupied,Occupied,Occupied,Occupied,Occupied,Unoccupied,Unoccupied,Unoccupied,Unoccupied,Occupied,Occupied,Occupied,Occupied,Occupied,Occupied,Chester Square
112,Occupied,Occupied,Occupied,Occupied,Occupied,Occupied,Occupied,Occupied,Occupied,Occupied,Unoccupied,Occupied,Occupied,Occupied,Occupied,Chester Square
113,Occupied,Occupied,Occupied,Occupied,Occupied,Occupied,Occupied,Occupied,Unoccupied,Unoccupied,Occupied,Occupied,Occupied,Occupied,Occupied,Chester Square
114,Occupied,Occupied,Occupied,Occupied,Occupied,Occupied,Occupied,Occupied,Occupied,Occupied,Occupied,Occupied,Occupied,Occupied,Occupied,Chester Square
246,Occupied,Unoccupied,Unoccupied,Unoccupied,Unoccupied,Unoccupied,Unoccupied,Unoccupied,Unoccupied,Unoccupied,Unoccupied,Unoccupied,Unoccupied,Unoccupied,Unoccupied,Chester Square
247,Occupied,Unoccupied,Unoccupied,Unoccupied,Unoccupied,Unoccupied,Unoccupied,Unoccupied,Unoccupied,Unoccupied,Unoccupied,Unoccupied,Unoccupied,Unoccupied,Unoccupied,Chester Square
248,Occupied,Unoccupied,Unoccupied,Unoccupied,Unoccupied,Unoccupied,Unoccupied,Unoccupied,Unoccupied,Unoccupied,Unoccupied,Unoccupied,Unoccupied,Unoccupied,Unoccupied,Chester Square
249,Occupied,Occupied,Unoccupied,Unoccupied,Unoccupied,Unoccupied,Unoccupied,Unoccupied,Unoccupied,Unoccupied,Unoccupied,Unoccupied,Unoccupied,Unoccupied,Unoccupied,Chester Square
250,Unoccupied,Unoccupied,Unoccupied,Unoccupied,Unoccupied,Unoccupied,Unoccupied,Unoccupied,Unoccupied,Unoccupied,Unoccupied,Unoccupied,Occupied,Occupied,Occupied,Chester Square
251,Unoccupied,Unoccupied,Unoccupied,Unoccupied,Unoccupied,Unoccupied,Unoccupied,Unoccupied,Unoccupied,Unoccupied,Unoccupied,Unoccupied,Occupied,Occupied,Occupied,Chester Square
252,Unoccupied,Unoccupied,Unoccupied,Unoccupied,Unoccupied,Unoccupied,Unoccupied,Unoccupied,Unoccupied,Unoccupied,Unoccupied,Unoccupied,Unoccupied,Occupied,Occupied,Chester Square
253,Occupied,Unoccupied,Unoccupied,Unoccupied,Unoccupied,Unoccupied,Unoccupied,Unoccupied,Unoccupied,Unoccupied,Unoccupied,Unoccupied,Unoccupied,Unoccupied,Unoccupied,Chester Square
254,Occupied,Unoccupied,Unoccupied,Unoccupied,Unoccupied,Unoccupied,Unoccupied,Unoccupied,Unoccupied,Unoccupied,Unoccupied,Unoccupied,Unoccupied,Occupied,Occupied,Chester Square
255,Unoccupied,Unoccupied,Unoccupied,Unoccupied,Unoccupied,Unoccupied,Unoccupied,Unoccupied,Unoccupied,Unoccupied,Unoccupied,Unoccupied,Unoccupied,Unoccupied,Unoccupied,Chester Square
256,Unoccupied,Unoccupied,Unoccupied,Unoccupied,Unoccupied,Unoccupied,Unoccupied,Unoccupied,Unoccupied,Unoccupied,Unoccupied,Unoccupied,Unoccupied,Unoccupied,Unoccupied,Chester Square
257,Unoccupied,Unoccupied,Unoccupied,Unoccupied,Unoccupied,Unoccupied,Unoccupied,Unoccupied,Unoccupied,Unoccupied,Unoccupied,Unoccupied,Unoccupied,Unoccupied,Unoccupied,Chester Square
258,Unoccupied,Unoccupied,Unoccupied,Unoccupied,Unoccupied,Unoccupied,Unoccupied,Unoccupied,Unoccupied,Unoccupied,Unoccupied,Unoccupied,Unoccupied,Unoccupied,Unoccupied,Chester Square
259,Unoccupied,Unoccupied,Unoccupied,Unoccupied,Unoccupied,Unoccupied,Unoccupied,Unoccupied,Unoccupied,Unoccupied,Unoccupied,Unoccupied,Unoccupied,Unoccupied,Unoccupied,Chester Square
260,Occupied,Occupied,Unoccupied,Unoccupied,Unoccupied,Unoccupied,Unoccupied,Unoccupied,Unoccupied,Unoccupied,Unoccupied,Unoccupied,Unoccupied,Occupied,Occupied,Chester Square
261,Occupied,Occupied,Unoccupied,Unoccupied,Unoccupied,Unoccupied,Unoccupied,Unoccupied,Unoccupied,Unoccupied,Unoccupied,Unoccupied,Occupied,Occupied,Occupied,Chester Square
262,Occupied,Unoccupied,Unoccupied,Unoccupied,Unoccupied,Unoccupied,Unoccupied,Unoccupied,Unoccupied,Unoccupied,Unoccupied,Unoccupied,Occupied,Occupied,Occupied,Chester Square
263,Occupied,Occupied,Occupied,Occupied,Occupied,Occupied,Occupied,Occupied,Occupied,Occupied,Occupied,Occupied,Occupied,Occupied,Occupied,Chester Square
264,Occupied,Occupied,Occupied,Unoccupied,Unoccupied,Unoccupied,Unoccupied,Unoccupied,Unoccupied,Occupied,Occupied,Occupied,Occupied,Occupied,Occupied,Chester Square
265,Unoccupied,Unoccupied,Unoccupied,Occupied,Occupied,Occupied,Unoccupied,Unoccupied,Unoccupied,Unoccupied,Occupied,Occupied,Occupied,Occupied,Occupied,Chester Square
266,Occupied,Occupied,Occupied,Occupied,Occupied,Unoccupied,Occupied,Unoccupied,Unoccupied,Unoccupied,Unoccupied,Unoccupied,Unoccupied,Occupied,Occupied,Chester Square
267,Occupied,Occupied,Occupied,Occupied,Occupied,Occupied,Occupied,Occupied,Occupied,Occupied,Occupied,Occupied,Occupied,Occupied,Occupied,Chester Square
268,Occupied,Occupied,Occupied,Occupied,Occupied,Occupied,Occupied,Occupied,Occupied,Occupied,Occupied,Occupied,Occupied,Occupied,Occupied,Chester Square
269,Occupied,Occupied,Occupied,Occupied,Occupied,Occupied,Occupied,Occupied,Occupied,Occupied,Occupied,Occupied,Occupied,Occupied,Occupied,Chester Square
270,Occupied,Occupied,Occupied,Occupied,Occupied,Occupied,Occupied,Occupied,Occupied,Occupied,Occupied,Occupied,Occupied,Occupied,Occupied,Chester Square
271,Occupied,Occupied,Unoccupied,Unoccupied,Unoccupied,Unoccupied,Occupied,Occupied,Occupied,Unoccupied,Unoccupied,Occupied,Occupied,Occupied,Occupied,Chester Square
272,Occupied,Occupied,Occupied,Occupied,Occupied,Occupied,Occupied,Occupied,Occupied,Occupied,Occupied,Occupied,Occupied,Occupied,Occupied,Chester Square
273,Occupied,Unoccupied,Unoccupied,Unoccupied,Unoccupied,Occupied,Occupied,Occupied,Occupied,Unoccupied,Occupied,Occupied,Occupied,Occupied,Occupied,Chester Square
274,Unoccupied,Unoccupied,Unoccupied,Unoccupied,Unoccupied,Unoccupied,Unoccupied,Unoccupied,Unoccupied,Occupied,Unoccupied,Unoccupied,Unoccupied,Unoccupied,Unoccupied,Chester Square
275,Occupied,Occupied,Occupied,Occupied,Occupied,Occupied,Occupied,Unoccupied,Unoccupied,Unoccupied,Occupied,Occupied,Occupied,Occupied,Occupied,Chester Square
276,Occupied,Occupied,Occupied,Occupied,Occupied,Occupied,Occupied,Occupied,Occupied,Occupied,Occupied,Occupied,Occupied,Occupied,Occupied,Chester Square
277,Unoccupied,Unoccupied,Unoccupied,Unoccupied,Unoccupied,Unoccupied,Unoccupied,Occupied,Unoccupied,Unoccupied,Occupied,Occupied,Occupied,Occupied,Occupied,Chester Square
278,Occupied,Occupied,Occupied,Unoccupied,Occupied,Unoccupied,Unoccupied,Unoccupied,Unoccupied,Unoccupied,Unoccupied,Unoccupied,Unoccupied,Unoccupied,Unoccupied,Chester Square
279,Occupied,Occupied,Occupied,Occupied,Occupied,Unoccupied,Unoccupied,Unoccupied,Occupied,Unoccupied,Occupied,Occupied,Occupied,Occupied,Occupied,Chester Square
280,Occupied,Occupied,Occupied,Occupied,Occupied,Occupied,Occupied,Occupied,Occupied,Occupied,Occupied,Occupied,Occupied,Occupied,Occupied,Chester Square
281,Unoccupied,Unoccupied,Unoccupied,Unoccupied,Unoccupied,Unoccupied,Unoccupied,Unoccupied,Unoccupied,Unoccupied,Unoccupied,Occupied,Occupied,Occupied,Occupied,Chester Square
282,Occupied,Unoccupied,Occupied,Unoccupied,Occupied,Unoccupied,Occupied,Occupied,Occupied,Occupied,Unoccupied,Occupied,Occupied,Occupied,Occupied,Chester Square
283,Occupied,Occupied,Occupied,Occupied,Unoccupied,Occupied,Unoccupied,Unoccupied,Unoccupied,Unoccupied,Occupied,Occupied,Occupied,Occupied,Occupied,Chester Square
1,Unoccupied,Unoccupied,Unoccupied,Unoccupied,Unoccupied,Unoccupied,Unoccupied,Unoccupied,Unoccupied,Unoccupied,Unoccupied,Unoccupied,Unoccupied,Unoccupied,Unoccupied,Massachusetts Avenue
2,Unoccupied,Unoccupied,Unoccupied,Unoccupied,Unoccupied,Unoccupied,Unoccupied,Unoccupied,Unoccupied,Unoccupied,Unoccupied,Unoccupied,Unoccupied,Unoccupied,Unoccupied,Massachusetts Avenue
3,Unoccupied,Unoccupied,Unoccupied,Unoccupied,Unoccupied,Unoccupied,Unoccupied,Unoccupied,Unoccupied,Unoccupied,Unoccupied,Unoccupied,Unoccupied,Occupied,Occupied,Massachusetts Avenue
4,Occupied,Unoccupied,Unoccupied,Unoccupied,Unoccupied,Unoccupied,Unoccupied,Unoccupied,Unoccupied,Unoccupied,Unoccupied,Occupied,Occupied,Occupied,Occupied,Massachusetts Avenue
5,Occupied,Unoccupied,Unoccupied,Unoccupied,Unoccupied,Unoccupied,Unoccupied,Unoccupied,Unoccupied,Unoccupied,Unoccupied,Occupied,Occupied,Occupied,Occupied,Massachusetts Avenue
6,Unoccupied,Unoccupied,Unoccupied,Unoccupied,Unoccupied,Unoccupied,Unoccupied,Unoccupied,Unoccupied,Unoccupied,Unoccupied,Occupied,Occupied,Unoccupied,Occupied,Massachusetts Avenue
7,Occupied,Unoccupied,Unoccupied,Unoccupied,Unoccupied,Unoccupied,Unoccupied,Unoccupied,Unoccupied,Unoccupied,Unoccupied,Unoccupied,Unoccupied,Occupied,Occupied,Massachusetts Avenue
30,Unoccupied,Occupied,Occupied,Occupied,Occupied,Occupied,Occupied,Occupied,Unoccupied,Occupied,Occupied,Unoccupied,Occupied,Occupied,Unoccupied,Massachusetts Avenue
31,Occupied,Occupied,Occupied,Occupied,Occupied,Occupied,Occupied,Occupied,Occupied,Occupied,Occupied,Occupied,Occupied,Occupied,Occupied,Massachusetts Avenue
32,Occupied,Occupied,Occupied,Unoccupied,Occupied,Occupied,Occupied,Occupied,Occupied,Occupied,Occupied,Occupied,Unoccupied,Occupied,Occupied,Massachusetts Avenue
33,Unoccupied,Unoccupied,Unoccupied,Unoccupied,Unoccupied,Unoccupied,Unoccupied,Unoccupied,Unoccupied,Unoccupied,Unoccupied,Unoccupied,Unoccupied,Unoccupied,Unoccupied,Massachusetts Avenue
34,Occupied,Occupied,Occupied,Occupied,Occupied,Occupied,Occupied,Occupied,Occupied,Occupied,Unoccupied,Unoccupied,Unoccupied,Unoccupied,Unoccupied,Massachusetts Avenue
35,Unoccupied,Unoccupied,Unoccupied,Unoccupied,Occupied,Occupied,Unoccupied,Unoccupied,Unoccupied,Unoccupied,Unoccupied,Unoccupied,Unoccupied,Occupied,Occupied,Massachusetts Avenue
36,Occupied,Occupied,Occupied,Unoccupied,Unoccupied,Unoccupied,Occupied,Occupied,Occupied,Occupied,Occupied,Unoccupied,Occupied,Occupied,Occupied,Massachusetts Avenue
37,Occupied,Occupied,Occupied,Occupied,Occupied,Occupied,Occupied,Occupied,Occupied,Occupied,Occupied,Occupied,Occupied,Occupied,Unoccupied,Massachusetts Avenue
38,Occupied,Occupied,Occupied,Occupied,Occupied,Occupied,Occupied,Occupied,Occupied,Occupied,Occupied,Occupied,Unoccupied,Unoccupied,Unoccupied,Massachusetts Avenue
39,Occupied,Occupied,Occupied,Occupied,Occupied,Occupied,Occupied,Occupied,Occupied,Occupied,Occupied,Occupied,Occupied,Occupied,Unoccupied,Massachusetts Avenue
40,Occupied,Occupied,Occupied,Occupied,Occupied,Occupied,Occupied,Unoccupied,Unoccupied,Unoccupied,Unoccupied,Unoccupied,Unoccupied,Unoccupied,Unoccupied,Massachusetts Avenue
41,Unoccupied,Unoccupied,Unoccupied,Unoccupied,Unoccupied,Unoccupied,Unoccupied,Occupied,Occupied,Unoccupied,Occupied,Unoccupied,Unoccupied,Unoccupied,Unoccupied,Massachusetts Avenue
42,Occupied,Occupied,Unoccupied,Unoccupied,Occupied,Occupied,Occupied,Occupied,Occupied,Occupied,Unoccupied,Unoccupied,Unoccupied,Unoccupied,Unoccupied,Massachusetts Avenue
43,Occupied,Occupied,Occupied,Occupied,Occupied,Occupied,Occupied,Occupied,Occupied,Occupied,Unoccupied,Unoccupied,Occupied,Unoccupied,Occupied,Massachusetts Avenue
44,Occupied,Unoccupied,Occupied,Occupied,Occupied,Occupied,Occupied,Occupied,Occupied,Occupied,Occupied,Occupied,Occupied,Occupied,Occupied,Massachusetts Avenue
45,Occupied,Occupied,Occupied,Occupied,Occupied,Occupied,Occupied,Occupied,Occupied,Occupied,Occupied,Occupied,Occupied,Occupied,Occupied,Massachusetts Avenue
46,Unoccupied,Occupied,Occupied,Occupied,Occupied,Occupied,Occupied,Occupied,Unoccupied,Unoccupied,Unoccupied,Unoccupied,Unoccupied,Occupied,Unoccupied,Massachusetts Avenue
47,Occupied,Occupied,Occupied,Occupied,Occupied,Unoccupied,Unoccupied,Unoccupied,Unoccupied,Unoccupied,Unoccupied,Unoccupied,Unoccupied,Occupied,Unoccupied,Massachusetts Avenue
48,Unoccupied,Occupied,Occupied,Occupied,Occupied,Occupied,Occupied,Occupied,Occupied,Occupied,Occupied,Occupied,Occupied,Occupied,Occupied,Massachusetts Avenue
49,Unoccupied,Unoccupied,Unoccupied,Unoccupied,Unoccupied,Occupied,Occupied,Occupied,Occupied,Unoccupied,Unoccupied,Unoccupied,Unoccupied,Unoccupied,Unoccupied,Massachusetts Avenue
50,Occupied,Occupied,Occupied,Occupied,Occupied,Occupied,Occupied,Occupied,Occupied,Occupied,Occupied,Occupied,Unoccupied,Occupied,Unoccupied,Massachusetts Avenue
51,Occupied,Occupied,Occupied,Occupied,Occupied,Occupied,Occupied,Occupied,Occupied,Occupied,Occupied,Occupied,Occupied,Occupied,Occupied,Massachusetts Avenue
52,Occupied,Unoccupied,Unoccupied,Unoccupied,Unoccupied,Occupied,Occupied,Occupied,Occupied,Occupied,Occupied,Occupied,Occupied,Occupied,Occupied,Massachusetts Avenue
53,Unoccupied,Unoccupied,Unoccupied,Unoccupied,Unoccupied,Unoccupied,Unoccupied,Unoccupied,Unoccupied,Unoccupied,Unoccupied,Unoccupied,Unoccupied,Unoccupied,Unoccupied,Massachusetts Avenue
54,Occupied,Occupied,Unoccupied,Unoccupied,Unoccupied,Occupied,Occupied,Occupied,Occupied,Occupied,Occupied,Occupied,Occupied,Occupied,Occupied,Massachusetts Avenue
55,Occupied,Occupied,Unoccupied,Occupied,Occupied,Occupied,Occupied,Occupied,Occupied,Occupied,Occupied,Occupied,Occupied,Occupied,Occupied,Massachusetts Avenue
56,Occupied,Occupied,Occupied,Occupied,Occupied,Occupied,Occupied,Occupied,Occupied,Occupied,Occupied,Occupied,Unoccupied,Occupied,Occupied,Massachusetts Avenue
57,Occupied,Occupied,Occupied,Occupied,Occupied,Occupied,Occupied,Occupied,Occupied,Occupied,Occupied,Occupied,Occupied,Occupied,Occupied,Massachusetts Avenue
58,Occupied,Occupied,Occupied,Unoccupied,Unoccupied,Unoccupied,Unoccupied,Unoccupied,Occupied,Occupied,Occupied,Unoccupied,Unoccupied,Unoccupied,Occupied,Massachusetts Avenue
59,Unoccupied,Occupied,Occupied,Occupied,Occupied,Occupied,Occupied,Occupied,Occupied,Occupied,Occupied,Unoccupied,Unoccupied,Occupied,Occupied,Massachusetts Avenue
60,Occupied,Occupied,Occupied,Unoccupied,Occupied,Occupied,Occupied,Occupied,Occupied,Unoccupied,Occupied,Occupied,Unoccupied,Unoccupied,Unoccupied,Massachusetts Avenue
61,Occupied,Occupied,Unoccupied,Unoccupied,Unoccupied,Occupied,Occupied,Occupied,Occupied,Occupied,Occupied,Unoccupied,Unoccupied,Unoccupied,Unoccupied,Massachusetts Avenue
86,Occupied,Unoccupied,Occupied,Occupied,Occupied,Occupied,Occupied,Occupied,Occupied,Occupied,Occupied,Occupied,Occupied,Occupied,Occupied,Massachusetts Avenue
87,Occupied,Occupied,Occupied,Occupied,Unoccupied,Occupied,Occupied,Occupied,Occupied,Occupied,Occupied,Occupied,Occupied,Occupied,Occupied,Massachusetts Avenue
88,Unoccupied,Unoccupied,Unoccupied,Unoccupied,Unoccupied,Unoccupied,Unoccupied,Unoccupied,Unoccupied,Unoccupied,Unoccupied,Unoccupied,Unoccupied,Unoccupied,Unoccupied,Massachusetts Avenue
89,Occupied,Occupied,Occupied,Occupied,Occupied,Occupied,Occupied,Occupied,Occupied,Occupied,Occupied,Unoccupied,Occupied,Occupied,Occupied,Massachusetts Avenue
90,Occupied,Occupied,Occupied,Occupied,Occupied,Occupied,Occupied,Occupied,Occupied,Occupied,Occupied,Occupied,Occupied,Occupied,Occupied,Massachusetts Avenue
91,Occupied,Occupied,Occupied,Occupied,Occupied,Occupied,Occupied,Occupied,Occupied,Occupied,Occupied,Occupied,Occupied,Occupied,Occupied,Massachusetts Avenue
115,Occupied,Occupied,Occupied,Occupied,Occupied,Occupied,Occupied,Occupied,Occupied,Occupied,Occupied,Occupied,Occupied,Occupied,Occupied,Massachusetts Avenue
116,Occupied,Unoccupied,Occupied,Occupied,Occupied,Occupied,Occupied,Occupied,Occupied,Occupied,Occupied,Occupied,Occupied,Occupied,Occupied,Massachusetts Avenue
117,Occupied,Occupied,Occupied,Occupied,Occupied,Occupied,Occupied,Occupied,Occupied,Occupied,Unoccupied,Occupied,Occupied,Occupied,Occupied,Massachusetts Avenue
118,Occupied,Occupied,Occupied,Occupied,Occupied,Unoccupied,Unoccupied,Unoccupied,Occupied,Occupied,Occupied,Occupied,Occupied,Occupied,Occupied,Massachusetts Avenue
119,Occupied,Occupied,Occupied,Occupied,Occupied,Occupied,Occupied,Occupied,Occupied,Occupied,Occupied,Occupied,Occupied,Occupied,Occupied,Massachusetts Avenue
120,Occupied,Occupied,Occupied,Occupied,Occupied,Occupied,Occupied,Occupied,Occupied,Occupied,Occupied,Unoccupied,Occupied,Occupied,Occupied,Massachusetts Avenue
121,Occupied,Occupied,Unoccupied,Occupied,Occupied,Occupied,Occupied,Unoccupied,Occupied,Occupied,Occupied,Unoccupied,Occupied,Occupied,Occupied,Massachusetts Avenue
122,Unoccupied,Unoccupied,Unoccupied,Unoccupied,Unoccupied,Unoccupied,Unoccupied,Unoccupied,Unoccupied,Unoccupied,Unoccupied,Unoccupied,Unoccupied,Unoccupied,Unoccupied,Massachusetts Avenue
123,Occupied,Occupied,Occupied,Occupied,Occupied,Occupied,Occupied,Occupied,Occupied,Occupied,Occupied,Occupied,Occupied,Occupied,Occupied,Massachusetts Avenue
124,Occupied,Occupied,Occupied,Occupied,Occupied,Occupied,Occupied,Occupied,Occupied,Occupied,Occupied,Occupied,Occupied,Occupied,Occupied,Massachusetts Avenue
125,Occupied,Unoccupied,Unoccupied,Unoccupied,Unoccupied,Occupied,Unoccupied,Occupied,Occupied,Occupied,Occupied,Occupied,Occupied,Unoccupied,Occupied,Massachusetts Avenue
126,Occupied,Occupied,Unoccupied,Unoccupied,Occupied,Occupied,Occupied,Occupied,Occupied,Unoccupied,Unoccupied,Unoccupied,Occupied,Occupied,Occupied,Massachusetts Avenue
127,Unoccupied,Unoccupied,Occupied,Occupied,Occupied,Occupied,Occupied,Occupied,Occupied,Occupied,Occupied,Occupied,Occupied,Occupied,Occupied,Massachusetts Avenue
128,Occupied,Occupied,Occupied,Unoccupied,Occupied,Unoccupied,Unoccupied,Unoccupied,Unoccupied,Unoccupied,Unoccupied,Occupied,Unoccupied,Unoccupied,Unoccupied,Massachusetts Avenue
129,Occupied,Occupied,Occupied,Unoccupied,Occupied,Occupied,Occupied,Occupied,Occupied,Occupied,Occupied,Occupied,Occupied,Occupied,Occupied,Massachusetts Avenue
130,Occupied,Occupied,Occupied,Occupied,Occupied,Occupied,Occupied,Occupied,Occupied,Occupied,Occupied,Occupied,Occupied,Occupied,Occupied,Massachusetts Avenue
131,Occupied,Occupied,Occupied,Unoccupied,Occupied,Occupied,Occupied,Occupied,Unoccupied,Occupied,Occupied,Occupied,Occupied,Occupied,Occupied,Massachusetts Avenue
132,Occupied,Occupied,Occupied,Occupied,Occupied,Occupied,Occupied,Occupied,Occupied,Occupied,Occupied,Occupied,Occupied,Occupied,Occupied,Massachusetts Avenue
133,Occupied,Occupied,Occupied,Occupied,Occupied,Occupied,Occupied,Occupied,Occupied,Unoccupied,Occupied,Occupied,Occupied,Occupied,Occupied,Massachusetts Avenue
134,Occupied,Occupied,Occupied,Unoccupied,Occupied,Occupied,Occupied,Unoccupied,Occupied,Occupied,Unoccupied,Occupied,Occupied,Occupied,Occupied,Massachusetts Avenue
135,Unoccupied,Unoccupied,Unoccupied,Unoccupied,Occupied,Occupied,Occupied,Occupied,Occupied,Occupied,Occupied,Occupied,Occupied,Occupied,Occupied,Massachusetts Avenue
136,Occupied,Occupied,Occupied,Occupied,Occupied,Occupied,Occupied,Occupied,Occupied,Occupied,Occupied,Occupied,Occupied,Occupied,Occupied,Massachusetts Avenue
137,Occupied,Occupied,Occupied,Occupied,Occupied,Occupied,Occupied,Unoccupied,Occupied,Occupied,Occupied,Occupied,Occupied,Occupied,Occupied,Massachusetts Avenue
138,Occupied,Occupied,Occupied,Occupied,Occupied,Occupied,Occupied,Occupied,Occupied,Occupied,Occupied,Occupied,Occupied,Occupied,Occupied,Massachusetts Avenue
139,Occupied,Occupied,Occupied,Occupied,Occupied,Occupied,Occupied,Unoccupied,Occupied,Occupied,Occupied,Occupied,Occupied,Occupied,Occupied,Massachusetts Avenue
140,Occupied,Occupied,Occupied,Occupied,Occupied,Occupied,Occupied,Occupied,Occupied,Occupied,Occupied,Occupied,Occupied,Occupied,Occupied,Massachusetts Avenue
141,Occupied,Occupied,Occupied,Occupied,Occupied,Occupied,Occupied,Occupied,Occupied,Occupied,Occupied,Unoccupied,Occupied,Occupied,Occupied,Massachusetts Avenue
151,Occupied,Occupied,Occupied,Occupied,Occupied,Occupied,Occupied,Occupied,Occupied,Occupied,Occupied,Occupied,Unoccupied,Unoccupied,Unoccupied,Northampton Street
152,Occupied,Occupied,Unoccupied,Unoccupied,Unoccupied,Unoccupied,Unoccupied,Unoccupied,Occupied,Unoccupied,Unoccupied,Unoccupied,Unoccupied,Occupied,Occupied,Northampton Street
153,Unoccupied,Unoccupied,Occupied,Unoccupied,Unoccupied,Unoccupied,Unoccupied,Unoccupied,Unoccupied,Unoccupied,Unoccupied,Unoccupied,Unoccupied,Occupied,Occupied,Northampton Street
154,Occupied,Occupied,Unoccupied,Unoccupied,Unoccupied,Unoccupied,Unoccupied,Occupied,Unoccupied,Unoccupied,Unoccupied,Unoccupied,Unoccupied,Occupied,Occupied,Northampton Street
155,Occupied,Occupied,Unoccupied,Unoccupied,Unoccupied,Occupied,Unoccupied,Unoccupied,Occupied,Occupied,Occupied,Unoccupied,Occupied,Occupied,Occupied,Northampton Street
156,Occupied,Occupied,Unoccupied,Unoccupied,Occupied,Occupied,Occupied,Occupied,Unoccupied,Occupied,Unoccupied,Occupied,Occupied,Occupied,Occupied,Northampton Street
157,Occupied,Occupied,Unoccupied,Unoccupied,Unoccupied,Unoccupied,Unoccupied,Unoccupied,Unoccupied,Unoccupied,Unoccupied,Unoccupied,Unoccupied,Occupied,Occupied,Northampton Street
158,Occupied,Occupied,Occupied,Occupied,Occupied,Occupied,Occupied,Occupied,Occupied,Occupied,Occupied,Occupied,Occupied,Occupied,Occupied,Northampton Street
159,Occupied,Occupied,Occupied,Occupied,Unoccupied,Unoccupied,Unoccupied,Unoccupied,Unoccupied,Unoccupied,Unoccupied,Occupied,Occupied,Occupied,Occupied,Northampton Street
160,Unoccupied,Unoccupied,Unoccupied,Unoccupied,Unoccupied,Unoccupied,Unoccupied,Unoccupied,Unoccupied,Occupied,Unoccupied,Unoccupied,Unoccupied,Unoccupied,Unoccupied,Northampton Street
161,Occupied,Unoccupied,Unoccupied,Unoccupied,Unoccupied,Unoccupied,Occupied,Unoccupied,Unoccupied,Unoccupied,Unoccupied,Occupied,Occupied,Occupied,Occupied,Northampton Street
162,Occupied,Occupied,Occupied,Occupied,Occupied,Occupied,Occupied,Occupied,Occupied,Occupied,Occupied,Occupied,Occupied,Occupied,Occupied,Northampton Street
163,Occupied,Occupied,Occupied,Occupied,Occupied,Occupied,Occupied,Occupied,Occupied,Occupied,Occupied,Occupied,Occupied,Occupied,Occupied,Northampton Street
164,Unoccupied,Unoccupied,Unoccupied,Unoccupied,Unoccupied,Unoccupied,Unoccupied,Unoccupied,Unoccupied,Unoccupied,Unoccupied,Unoccupied,Unoccupied,Unoccupied,Unoccupied,Northampton Street
165,Unoccupied,Unoccupied,Unoccupied,Unoccupied,Unoccupied,Occupied,Occupied,Occupied,Occupied,Occupied,Occupied,Occupied,Unoccupied,Occupied,Occupied,Northampton Street
166,Occupied,Occupied,Unoccupied,Unoccupied,Unoccupied,Unoccupied,Unoccupied,Unoccupied,Unoccupied,Unoccupied,Occupied,Occupied,Occupied,Occupied,Occupied,Northampton Street
167,Occupied,Occupied,Occupied,Unoccupied,Occupied,Occupied,Occupied,Occupied,Occupied,Unoccupied,Unoccupied,Occupied,Occupied,Occupied,Occupied,Northampton Street
168,Occupied,Occupied,Unoccupied,Unoccupied,Unoccupied,Unoccupied,Unoccupied,Unoccupied,Unoccupied,Unoccupied,Unoccupied,Occupied,Occupied,Occupied,Occupied,Northampton Street
169,Occupied,Unoccupied,Unoccupied,Unoccupied,Unoccupied,Unoccupied,Unoccupied,Unoccupied,Unoccupied,Occupied,Occupied,Unoccupied,Occupied,Occupied,Occupied,Northampton Street
170,Occupied,Occupied,Occupied,Occupied,Occupied,Occupied,Occupied,Unoccupied,Unoccupied,Unoccupied,Unoccupied,Unoccupied,Unoccupied,Unoccupied,Occupied,Northampton Street
171,Unoccupied,Unoccupied,Unoccupied,Unoccupied,Unoccupied,Unoccupied,Unoccupied,Unoccupied,Unoccupied,Unoccupied,Unoccupied,Unoccupied,Unoccupied,Unoccupied,Unoccupied,Northampton Street
172,Occupied,Occupied,Unoccupied,Unoccupied,Unoccupied,Unoccupied,Unoccupied,Unoccupied,Unoccupied,Unoccupied,Unoccupied,Unoccupied,Unoccupied,Unoccupied,Occupied,Northampton Street
173,Occupied,Occupied,Occupied,Occupied,Occupied,Occupied,Unoccupied,Unoccupied,Unoccupied,Unoccupied,Unoccupied,Occupied,Unoccupied,Occupied,Occupied,Northampton Street
174,Occupied,Occupied,Occupied,Occupied,Unoccupied,Unoccupied,Unoccupied,Unoccupied,Unoccupied,Occupied,Unoccupied,Unoccupied,Occupied,Occupied,Occupied,Northampton Street
175,Occupied,Unoccupied,Occupied,Occupied,Occupied,Occupied,Unoccupied,Unoccupied,Unoccupied,Unoccupied,Unoccupied,Unoccupied,Occupied,Occupied,Occupied,Northampton Street
176,Unoccupied,Unoccupied,Unoccupied,Unoccupied,Unoccupied,Unoccupied,Occupied,Occupied,Unoccupied,Occupied,Occupied,Occupied,Occupied,Occupied,Occupied,Northampton Street
177,Unoccupied,Occupied,Occupied,Occupied,Occupied,Occupied,Unoccupied,Unoccupied,Unoccupied,Unoccupied,Unoccupied,Unoccupied,Unoccupied,Unoccupied,Unoccupied,Northampton Street
178,Occupied,Occupied,Occupied,Occupied,Occupied,Occupied,Occupied,Occupied,Occupied,Occupied,Occupied,Occupied,Occupied,Occupied,Occupied,Northampton Street
179,Occupied,Occupied,Occupied,Occupied,Occupied,Occupied,Occupied,Occupied,Occupied,Occupied,Occupied,Occupied,Occupied,Unoccupied,Unoccupied,Northampton Street
180,Occupied,Occupied,Occupied,Occupied,Occupied,Occupied,Occupied,Occupied,Occupied,Occupied,Occupied,Occupied,Occupied,Occupied,Occupied,Northampton Street
181,Unoccupied,Unoccupied,Unoccupied,Unoccupied,Unoccupied,Unoccupied,Unoccupied,Unoccupied,Unoccupied,Unoccupied,Unoccupied,Unoccupied,Unoccupied,Unoccupied,Unoccupied,Northampton Street
182,Occupied,Occupied,Occupied,Occupied,Unoccupied,Unoccupied,Unoccupied,Unoccupied,Unoccupied,Unoccupied,Unoccupied,Unoccupied,Unoccupied,Unoccupied,Unoccupied,Northampton Street
183,Occupied,Occupied,Unoccupied,Unoccupied,Unoccupied,Unoccupied,Unoccupied,Unoccupied,Unoccupied,Unoccupied,Unoccupied,Unoccupied,Occupied,Occupied,Occupied,Northampton Street
184,Unoccupied,Unoccupied,Unoccupied,Unoccupied,Unoccupied,Unoccupied,Unoccupied,Occupied,Unoccupied,Occupied,Unoccupied,Unoccupied,Unoccupied,Occupied,Unoccupied,Northampton Street
185,Occupied,Occupied,Occupied,Occupied,Unoccupied,Occupied,Occupied,Occupied,Occupied,Occupied,Occupied,Occupied,Occupied,Occupied,Occupied,Northampton Street
186,Unoccupied,Unoccupied,Unoccupied,Unoccupied,Occupied,Occupied,Occupied,Occupied,Occupied,Unoccupied,Unoccupied,Unoccupied,Occupied,Occupied,Occupied,Northampton Street
187,Occupied,Unoccupied,Unoccupied,Unoccupied,Occupied,Occupied,Occupied,Occupied,Occupied,Occupied,Occupied,Occupied,Unoccupied,Unoccupied,Unoccupied,Northampton Street
188,Occupied,Unoccupied,Occupied,Occupied,Occupied,Occupied,Occupied,Occupied,Unoccupied,Unoccupied,Unoccupied,Unoccupied,Unoccupied,Occupied,Occupied,Northampton Street
189,Occupied,Occupied,Occupied,Occupied,Occupied,Occupied,Occupied,Occupied,Occupied,Occupied,Occupied,Occupied,Occupied,Occupied,Occupied,Northampton Street
190,Unoccupied,Unoccupied,Unoccupied,Unoccupied,Unoccupied,Unoccupied,Unoccupied,Unoccupied,Unoccupied,Unoccupied,Occupied,Occupied,Occupied,Occupied,Occupied,Northampton Street
191,Occupied,Occupied,Occupied,Occupied,Occupied,Occupied,Unoccupied,Unoccupied,Unoccupied,Unoccupied,Occupied,Occupied,Occupied,Occupied,Occupied,Northampton Street
192,Unoccupied,Unoccupied,Unoccupied,Unoccupied,Unoccupied,Unoccupied,Unoccupied,Unoccupied,Unoccupied,Unoccupied,Occupied,Occupied,Occupied,Unoccupied,Occupied,Northampton Street
193,Occupied,Occupied,Occupied,Occupied,Occupied,Occupied,Occupied,Occupied,Occupied,Occupied,Occupied,Occupied,Occupied,Occupied,Occupied,Northampton Street
290,Occupied,Unoccupied,Unoccupied,Unoccupied,Unoccupied,Unoccupied,Unoccupied,Unoccupied,Unoccupied,Unoccupied,Unoccupied,Unoccupied,Occupied,Occupied,Occupied,Northampton Street
291,Unoccupied,Unoccupied,Occupied,Occupied,Occupied,Occupied,Occupied,Occupied,Occupied,Occupied,Occupied,Occupied,Occupied,Occupied,Occupied,Northampton Street
292,Unoccupied,Unoccupied,Unoccupied,Unoccupied,Unoccupied,Unoccupied,Unoccupied,Unoccupied,Unoccupied,Unoccupied,Unoccupied,Unoccupied,Unoccupied,Unoccupied,Unoccupied,Northampton Street
293,Unoccupied,Occupied,Occupied,Occupied,Occupied,Occupied,Occupied,Occupied,Occupied,Occupied,Occupied,Occupied,Occupied,Occupied,Occupied,Northampton Street
294,Occupied,Occupied,Occupied,Occupied,Occupied,Occupied,Unoccupied,Unoccupied,Unoccupied,Unoccupied,Occupied,Occupied,Occupied,Occupied,Occupied,Northampton Street
295,Unoccupied,Unoccupied,Unoccupied,Unoccupied,Unoccupied,Unoccupied,Unoccupied,Unoccupied,Unoccupied,Unoccupied,Unoccupied,Unoccupied,Unoccupied,Unoccupied,Unoccupied,Northampton Street
296,Occupied,Occupied,Unoccupied,Unoccupied,Occupied,Unoccupied,Unoccupied,Unoccupied,Unoccupied,Unoccupied,Unoccupied,Occupied,Occupied,Occupied,Occupied,Northampton Street
297,Occupied,Occupied,Occupied,Unoccupied,Unoccupied,Unoccupied,Unoccupied,Unoccupied,Occupied,Occupied,Occupied,Occupied,Occupied,Occupied,Occupied,Northampton Street
298,Occupied,Occupied,Occupied,Occupied,Occupied,Occupied,Occupied,Occupied,Occupied,Occupied,Occupied,Unoccupied,Occupied,Occupied,Occupied,Northampton Street
299,Unoccupied,Unoccupied,Unoccupied,Unoccupied,Unoccupied,Unoccupied,Unoccupied,Unoccupied,Unoccupied,Unoccupied,Unoccupied,Unoccupied,Occupied,Occupied,Occupied,Northampton Street
300,Occupied,Occupied,Occupied,Occupied,Occupied,Occupied,Occupied,Occupied,Occupied,Occupied,Occupied,Occupied,Occupied,Occupied,Unoccupied,Northampton Street
301,Occupied,Unoccupied,Unoccupied,Unoccupied,Unoccupied,Unoccupied,Unoccupied,Unoccupied,Unoccupied,Unoccupied,Unoccupied,Unoccupied,Unoccupied,Unoccupied,Unoccupied,Northampton Street
302,Occupied,Occupied,Occupied,Occupied,Occupied,Occupied,Occupied,Occupied,Occupied,Occupied,Occupied,Occupied,Occupied,Occupied,Occupied,Northampton Street
303,Occupied,Occupied,Unoccupied,Unoccupied,Unoccupied,Unoccupied,Unoccupied,Unoccupied,Unoccupied,Unoccupied,Unoccupied,Unoccupied,Occupied,Occupied,Occupied,Northampton Street
304,Occupied,Occupied,Unoccupied,Unoccupied,Unoccupied,Unoccupied,Unoccupied,Unoccupied,Occupied,Unoccupied,Occupied,Occupied,Occupied,Occupied,Occupied,Northampton Street
305,Unoccupied,Unoccupied,Unoccupied,Unoccupied,Unoccupied,Unoccupied,Unoccupied,Occupied,Occupied,Occupied,Occupied,Occupied,Occupied,Unoccupied,Occupied,Northampton Street
306,Unoccupied,Unoccupied,Unoccupied,Unoccupied,Unoccupied,Unoccupied,Occupied,Occupied,Occupied,Occupied,Occupied,Occupied,Occupied,Occupied,Occupied,Northampton Street
307,Occupied,Occupied,Occupied,Occupied,Occupied,Occupied,Unoccupied,Unoccupied,Unoccupied,Unoccupied,Unoccupied,Unoccupied,Unoccupied,Unoccupied,Unoccupied,Northampton Street
308,Unoccupied,Unoccupied,Unoccupied,Unoccupied,Unoccupied,Unoccupied,Unoccupied,Unoccupied,Unoccupied,Unoccupied,Unoccupied,Unoccupied,Unoccupied,Unoccupied,Unoccupied,Northampton Street
309,Occupied,Occupied,Occupied,Occupied,Occupied,Occupied,Occupied,Occupied,Occupied,Occupied,Occupied,Occupied,Unoccupied,Occupied,Occupied,Northampton Street
310,Occupied,Unoccupied,Unoccupied,Unoccupied,Unoccupied,Unoccupied,Unoccupied,Unoccupied,Occupied,Occupied,Occupied,Occupied,Occupied,Occupied,Occupied,Northampton Street
311,Unoccupied,Unoccupied,Unoccupied,Unoccupied,Unoccupied,Unoccupied,Unoccupied,Unoccupied,Unoccupied,Unoccupied,Unoccupied,Unoccupied,Unoccupied,Occupied,Occupied,Northampton Street
312,Occupied,Occupied,Occupied,Occupied,Occupied,Occupied,Occupied,Occupied,Occupied,Occupied,Occupied,Occupied,Occupied,Occupied,Occupied,Northampton Street
313,Unoccupied,Occupied,Unoccupied,Unoccupied,Unoccupied,Unoccupied,Unoccupied,Unoccupied,Unoccupied,Unoccupied,Unoccupied,Unoccupied,Occupied,Occupied,Occupied,Northampton Street
314,Occupied,Unoccupied,Unoccupied,Unoccupied,Occupied,Occupied,Occupied,Unoccupied,Occupied,Occupied,Occupied,Occupied,Occupied,Occupied,Occupied,Northampton Street
315,Occupied,Occupied,Occupied,Occupied,Occupied,Occupied,Occupied,Occupied,Occupied,Occupied,Occupied,Occupied,Occupied,Occupied,Occupied,Northampton Street
316,Occupied,Occupied,Occupied,Unoccupied,Unoccupied,Unoccupied,Unoccupied,Unoccupied,Unoccupied,Unoccupied,Unoccupied,Occupied,Occupied,Occupied,Occupied,Northampton Street
317,Unoccupied,Unoccupied,Occupied,Unoccupied,Occupied,Occupied,Occupied,Occupied,Occupied,Occupied,Occupied,Occupied,Occupied,Occupied,Occupied,Northampton Street
318,Occupied,Occupied,Occupied,Occupied,Occupied,Occupied,Occupied,Occupied,Occupied,Occupied,Occupied,Occupied,Occupied,Occupied,Occupied,Northampton Street
319,Occupied,Occupied,Occupied,Occupied,Occupied,Occupied,Unoccupied,Unoccupied,Unoccupied,Occupied,Unoccupied,Unoccupied,Occupied,Occupied,Occupied,Northampton Street
320,Occupied,Occupied,Occupied,Unoccupied,Unoccupied,Unoccupied,Unoccupied,Unoccupied,Unoccupied,Unoccupied,Unoccupied,Unoccupied,Unoccupied,Unoccupied,Occupied,Northampton Street
321,Unoccupied,Unoccupied,Unoccupied,Unoccupied,Occupied,Occupied,Occupied,Occupied,Occupied,Unoccupied,Unoccupied,Unoccupied,Unoccupied,Unoccupied,Unoccupied,Northampton Street
322,Occupied,Occupied,Occupied,Occupied,Occupied,Occupied,Unoccupied,Unoccupied,Occupied,Unoccupied,Occupied,Occupied,Occupied,Occupied,Occupied,Northampton Street
323,Occupied,Unoccupied,Occupied,Occupied,Unoccupied,Unoccupied,Unoccupied,Unoccupied,Unoccupied,Occupied,Occupied,Occupied,Occupied,Occupied,Occupied,Northampton Street
324,Occupied,Occupied,Unoccupied,Unoccupied,Unoccupied,Unoccupied,Unoccupied,Unoccupied,Occupied,Occupied,Occupied,Occupied,Occupied,Occupied,Occupied,Northampton Street
325,Occupied,Occupied,Occupied,Occupied,Occupied,Occupied,Occupied,Occupied,Occupied,Occupied,Occupied,Occupied,Occupied,Occupied,Occupied,Northampton Street
326,Occupied,Occupied,Occupied,Occupied,Occupied,Occupied,Occupied,Occupied,Occupied,Occupied,Occupied,Occupied,Occupied,Occupied,Occupied,Northampton Street
327,Occupied,Occupied,Occupied,Occupied,Occupied,Occupied,Occupied,Occupied,Occupied,Occupied,Occupied,Occupied,Occupied,Occupied,Occupied,Northampton Street
328,Occupied,Occupied,Occupied,Occupied,Occupied,Occupied,Occupied,Occupied,Occupied,Occupied,Occupied,Occupied,Occupied,Occupied,Occupied,Northampton Street
329,Unoccupied,Unoccupied,Unoccupied,Unoccupied,Unoccupied,Unoccupied,Unoccupied,Unoccupied,Unoccupied,Unoccupied,Unoccupied,Unoccupied,Unoccupied,Unoccupied,Occupied,Northampton Street
330,Occupied,Occupied,Unoccupied,Occupied,Unoccupied,Occupied,Occupied,Occupied,Unoccupied,Unoccupied,Unoccupied,Occupied,Occupied,Occupied,Unoccupied,Northampton Street
331,Occupied,Occupied,Occupied,Occupied,Occupied,Occupied,Occupied,Occupied,Occupied,Occupied,Occupied,Occupied,Occupied,Occupied,Occupied,Northampton Street
332,Occupied,Occupied,Occupied,Occupied,Occupied,Occupied,Occupied,Occupied,Occupied,Occupied,Occupied,Occupied,Occupied,Occupied,Occupied,Northampton Street
333,Occupied,Occupied,Occupied,Occupied,Occupied,Occupied,Occupied,Occupied,Occupied,Occupied,Occupied,Occupied,Occupied,Occupied,Occupied,Northampton Street
334,Occupied,Occupied,Occupied,Occupied,Occupied,Occupied,Occupied,Occupied,Occupied,Occupied,Occupied,Occupied,Occupied,Unoccupied,Occupied,Northampton Street
335,Occupied,Occupied,Occupied,Occupied,Occupied,Occupied,Unoccupied,Unoccupied,Unoccupied,Unoccupied,Unoccupied,Occupied,Occupied,Occupied,Occupied,Northampton Street
336,Unoccupied,Occupied,Occupied,Occupied,Unoccupied,Unoccupied,Unoccupied,Unoccupied,Unoccupied,Occupied,Occupied,Occupied,Occupied,Occupied,Occupied,Northampton Street
337,Unoccupied,Unoccupied,Unoccupied,Unoccupied,Occupied,Occupied,Occupied,Occupied,Occupied,Unoccupied,Unoccupied,Unoccupied,Unoccupied,Unoccupied,Occupied,Northampton Street
142,Occupied,Occupied,Unoccupied,Occupied,Occupied,Occupied,Occupied,Occupied,Occupied,Occupied,Occupied,Occupied,Occupied,Occupied,Occupied,Shawmut Avenue
143,Occupied,Occupied,Occupied,Occupied,Occupied,Occupied,Occupied,Occupied,Occupied,Occupied,Occupied,Unoccupied,Occupied,Occupied,Occupied,Shawmut Avenue
144,Occupied,Occupied,Occupied,Unoccupied,Occupied,Occupied,Occupied,Occupied,Occupied,Occupied,Occupied,Unoccupied,Occupied,Occupied,Occupied,Shawmut Avenue
145,Occupied,Occupied,Occupied,Occupied,Occupied,Occupied,Occupied,Occupied,Occupied,Occupied,Occupied,Occupied,Occupied,Occupied,Occupied,Shawmut Avenue
146,Occupied,Occupied,Occupied,Occupied,Occupied,Occupied,Occupied,Occupied,Occupied,Occupied,Occupied,Occupied,Occupied,Occupied,Unoccupied,Shawmut Avenue
147,Occupied,Occupied,Occupied,Occupied,Occupied,Occupied,Occupied,Occupied,Occupied,Occupied,Occupied,Occupied,Occupied,Occupied,Occupied,Shawmut Avenue
148,Unoccupied,Unoccupied,Unoccupied,Unoccupied,Unoccupied,Unoccupied,Unoccupied,Unoccupied,Unoccupied,Unoccupied,Unoccupied,Unoccupied,Unoccupied,Unoccupied,Unoccupied,Shawmut Avenue
149,Occupied,Occupied,Occupied,Occupied,Occupied,Unoccupied,Unoccupied,Occupied,Unoccupied,Unoccupied,Unoccupied,Unoccupied,Occupied,Occupied,Unoccupied,Shawmut Avenue
150,Occupied,Occupied,Occupied,Unoccupied,Unoccupied,Occupied,Occupied,Occupied,Occupied,Occupied,Unoccupied,Unoccupied,Unoccupied,Unoccupied,Occupied,Shawmut Avenue
237,Occupied,Occupied,Occupied,Occupied,Occupied,Occupied,Occupied,Occupied,Occupied,Occupied,Occupied,Occupied,Occupied,Occupied,Occupied,Shawmut Avenue
238,Occupied,Occupied,Occupied,Occupied,Occupied,Occupied,Unoccupied,Occupied,Unoccupied,Occupied,Occupied,Occupied,Occupied,Occupied,Occupied,Shawmut Avenue
239,Occupied,Occupied,Occupied,Occupied,Occupied,Unoccupied,Unoccupied,Unoccupied,Occupied,Occupied,Occupied,Occupied,Occupied,Occupied,Occupied,Shawmut Avenue
240,Occupied,Occupied,Occupied,Occupied,Occupied,Occupied,Occupied,Occupied,Occupied,Occupied,Occupied,Occupied,Occupied,Occupied,Occupied,Shawmut Avenue
241,Unoccupied,Unoccupied,Unoccupied,Occupied,Occupied,Occupied,Occupied,Occupied,Occupied,Occupied,Occupied,Occupied,Occupied,Occupied,Occupied,Shawmut Avenue
242,Occupied,Unoccupied,Occupied,Unoccupied,Unoccupied,Unoccupied,Unoccupied,Unoccupied,Unoccupied,Occupied,Occupied,Occupied,Occupied,Occupied,Occupied,Shawmut Avenue
243,Unoccupied,Unoccupied,Unoccupied,Unoccupied,Unoccupied,Unoccupied,Unoccupied,Unoccupied,Unoccupied,Unoccupied,Unoccupied,Unoccupied,Unoccupied,Unoccupied,Unoccupied,Shawmut Avenue
244,Occupied,Occupied,Occupied,Occupied,Occupied,Occupied,Occupied,Occupied,Occupied,Occupied,Occupied,Occupied,Occupied,Occupied,Occupied,Shawmut Avenue
245,Unoccupied,Unoccupied,Unoccupied,Unoccupied,Unoccupied,Unoccupied,Unoccupied,Unoccupied,Unoccupied,Unoccupied,Unoccupied,Unoccupied,Unoccupied,Unoccupied,Unoccupied,Shawmut Avenue
284,Occupied,Occupied,Occupied,Occupied,Occupied,Occupied,Occupied,Occupied,Occupied,Occupied,Occupied,Occupied,Occupied,Occupied,Occupied,Shawmut Avenue
285,Occupied,Occupied,Occupied,Occupied,Occupied,Occupied,Occupied,Occupied,Occupied,Occupied,Occupied,Occupied,Occupied,Occupied,Occupied,Shawmut Avenue
286,Occupied,Occupied,Occupied,Occupied,Occupied,Occupied,Occupied,Occupied,Occupied,Occupied,Occupied,Occupied,Occupied,Occupied,Occupied,Shawmut Avenue
287,Occupied,Occupied,Occupied,Occupied,Occupied,Occupied,Occupied,Occupied,Occupied,Occupied,Occupied,Occupied,Occupied,Occupied,Occupied,Shawmut Avenue
288,Occupied,Occupied,Occupied,Occupied,Occupied,Occupied,Occupied,Occupied,Occupied,Occupied,Occupied,Occupied,Occupied,Occupied,Occupied,Shawmut Avenue
289,Occupied,Occupied,Occupied,Occupied,Occupied,Occupied,Occupied,Occupied,Occupied,Occupied,Occupied,Occupied,Occupied,Occupied,Occupied,Shawmut Avenue
376,Occupied,Occupied,Occupied,Occupied,Unoccupied,Occupied,Unoccupied,Occupied,Occupied,Occupied,Occupied,Occupied,Occupied,Occupied,Occupied,Shawmut Avenue
377,Occupied,Occupied,Occupied,Unoccupied,Occupied,Occupied,Occupied,Unoccupied,Occupied,Occupied,Occupied,Occupied,Occupied,Occupied,Occupied,Shawmut Avenue
378,Occupied,Occupied,Unoccupied,Occupied,Occupied,Occupied,Occupied,Occupied,Unoccupied,Unoccupied,Unoccupied,Occupied,Occupied,Occupied,Occupied,Shawmut Avenue
379,Occupied,Occupied,Occupied,Occupied,Occupied,Occupied,Occupied,Occupied,Occupied,Occupied,Occupied,Occupied,Occupied,Occupied,Occupied,Shawmut Avenue
380,Occupied,Occupied,Occupied,Unoccupied,Unoccupied,Occupied,Occupied,Occupied,Unoccupied,Unoccupied,Occupied,Occupied,Occupied,Occupied,Occupied,Shawmut Avenue
381,Occupied,Occupied,Unoccupied,Unoccupied,Unoccupied,Unoccupied,Unoccupied,Unoccupied,Occupied,Unoccupied,Unoccupied,Occupied,Occupied,Occupied,Occupied,Shawmut Avenue
382,Unoccupied,Unoccupied,Unoccupied,Unoccupied,Unoccupied,Unoccupied,Unoccupied,Unoccupied,Occupied,Occupied,Occupied,Occupied,Occupied,Occupied,Occupied,Shawmut Avenue
383,Unoccupied,Unoccupied,Unoccupied,Unoccupied,Unoccupied,Unoccupied,Unoccupied,Unoccupied,Unoccupied,Unoccupied,Unoccupied,Unoccupied,Occupied,Occupied,Occupied,Shawmut Avenue
384,Unoccupied,Unoccupied,Unoccupied,Unoccupied,Unoccupied,Unoccupied,Unoccupied,Unoccupied,Unoccupied,Unoccupied,Unoccupied,Unoccupied,Occupied,Occupied,Occupied,Shawmut Avenue
62,Occupied,Unoccupied,Occupied,Unoccupied,Occupied,Unoccupied,Occupied,Unoccupied,Unoccupied,Unoccupied,Occupied,Unoccupied,Occupied,Occupied,Occupied,Tremont Street
63,Occupied,Occupied,Occupied,Unoccupied,Occupied,Occupied,Occupied,Unoccupied,Occupied,Unoccupied,Unoccupied,Unoccupied,Unoccupied,Occupied,Occupied,Tremont Street
64,Occupied,Occupied,Occupied,Occupied,Occupied,Occupied,Occupied,Occupied,Unoccupied,Occupied,Unoccupied,Unoccupied,Occupied,Occupied,Occupied,Tremont Street
65,Occupied,Occupied,Occupied,Occupied,Occupied,Occupied,Occupied,Occupied,Occupied,Occupied,Occupied,Unoccupied,Occupied,Occupied,Occupied,Tremont Street
66,Occupied,Occupied,Unoccupied,Unoccupied,Occupied,Occupied,Occupied,Occupied,Unoccupied,Unoccupied,Unoccupied,Unoccupied,Occupied,Occupied,Occupied,Tremont Street
67,Occupied,Occupied,Unoccupied,Unoccupied,Unoccupied,Occupied,Occupied,Unoccupied,Occupied,Unoccupied,Unoccupied,Occupied,Occupied,Occupied,Occupied,Tremont Street
68,Occupied,Occupied,Occupied,Occupied,Occupied,Occupied,Occupied,Occupied,Occupied,Occupied,Occupied,Occupied,Occupied,Occupied,Occupied,Tremont Street
69,Occupied,Occupied,Unoccupied,Unoccupied,Occupied,Occupied,Unoccupied,Occupied,Occupied,Occupied,Unoccupied,Unoccupied,Occupied,Occupied,Occupied,Tremont Street
70,Occupied,Occupied,Occupied,Occupied,Occupied,Occupied,Occupied,Occupied,Unoccupied,Occupied,Occupied,Occupied,Occupied,Occupied,Occupied,Tremont Street
71,Occupied,Occupied,Occupied,Occupied,Occupied,Occupied,Occupied,Occupied,Occupied,Occupied,Occupied,Occupied,Occupied,Occupied,Occupied,Tremont Street
72,Occupied,Occupied,Occupied,Occupied,Occupied,Occupied,Occupied,Occupied,Occupied,Occupied,Occupied,Occupied,Occupied,Occupied,Occupied,Tremont Street
73,Unoccupied,Unoccupied,Unoccupied,Unoccupied,Unoccupied,Unoccupied,Unoccupied,Unoccupied,Unoccupied,Occupied,Occupied,Occupied,Occupied,Occupied,Occupied,Tremont Street
74,Occupied,Occupied,Unoccupied,Unoccupied,Unoccupied,Occupied,Occupied,Unoccupied,Unoccupied,Unoccupied,Unoccupied,Occupied,Unoccupied,Occupied,Occupied,Tremont Street
75,Unoccupied,Unoccupied,Unoccupied,Unoccupied,Unoccupied,Unoccupied,Unoccupied,Unoccupied,Unoccupied,Unoccupied,Unoccupied,Unoccupied,Unoccupied,Unoccupied,Unoccupied,Tremont Street
76,Unoccupied,Unoccupied,Unoccupied,Unoccupied,Unoccupied,Unoccupied,Unoccupied,Unoccupied,Unoccupied,Unoccupied,Unoccupied,Unoccupied,Unoccupied,Unoccupied,Unoccupied,Tremont Street
77,Occupied,Occupied,Occupied,Occupied,Occupied,Occupied,Occupied,Occupied,Occupied,Occupied,Occupied,Occupied,Occupied,Occupied,Occupied,Tremont Street
78,Occupied,Occupied,Occupied,Occupied,Occupied,Occupied,Occupied,Occupied,Occupied,Occupied,Occupied,Occupied,Occupied,Occupied,Occupied,Tremont Street
79,Occupied,Occupied,Occupied,Occupied,Occupied,Occupied,Occupied,Occupied,Occupied,Occupied,Occupied,Occupied,Occupied,Occupied,Occupied,Tremont Street
80,Occupied,Occupied,Occupied,Occupied,Occupied,Occupied,Occupied,Occupied,Occupied,Occupied,Occupied,Unoccupied,Occupied,Occupied,Occupied,Tremont Street
81,Occupied,Occupied,Occupied,Occupied,Occupied,Occupied,Occupied,Occupied,Occupied,Occupied,Occupied,Occupied,Occupied,Occupied,Occupied,Tremont Street
82,Occupied,Occupied,Occupied,Unoccupied,Occupied,Occupied,Occupied,Occupied,Unoccupied,Occupied,Occupied,Occupied,Occupied,Occupied,Occupied,Tremont Street
83,Unoccupied,Unoccupied,Unoccupied,Unoccupied,Unoccupied,Unoccupied,Unoccupied,Unoccupied,Unoccupied,Unoccupied,Unoccupied,Unoccupied,Unoccupied,Unoccupied,Unoccupied,Tremont Street
84,Occupied,Occupied,Unoccupied,Unoccupied,Occupied,Occupied,Occupied,Occupied,Occupied,Occupied,Occupied,Unoccupied,Unoccupied,Unoccupied,Unoccupied,Tremont Street
85,Occupied,Occupied,Occupied,Occupied,Occupied,Unoccupied,Unoccupied,Unoccupied,Unoccupied,Unoccupied,Unoccupied,Unoccupied,Occupied,Occupied,Occupied,Tremont Street
194,Occupied,Occupied,Occupied,Occupied,Occupied,Occupied,Occupied,Occupied,Occupied,Occupied,Occupied,Occupied,Occupied,Occupied,Occupied,W. Springfield Street
195,Occupied,Occupied,Occupied,Occupied,Occupied,Occupied,Occupied,Occupied,Occupied,Occupied,Occupied,Occupied,Occupied,Occupied,Occupied,W. Springfield Street
196,Unoccupied,Unoccupied,Unoccupied,Occupied,Occupied,Unoccupied,Unoccupied,Unoccupied,Unoccupied,Unoccupied,Occupied,Occupied,Occupied,Occupied,Occupied,W. Springfield Street
197,Occupied,Unoccupied,Unoccupied,Unoccupied,Unoccupied,Occupied,Occupied,Occupied,Occupied,Occupied,Occupied,Occupied,Occupied,Occupied,Occupied,W. Springfield Street
198,Occupied,Occupied,Occupied,Occupied,Occupied,Occupied,Occupied,Occupied,Occupied,Occupied,Occupied,Occupied,Occupied,Occupied,Occupied,W. Springfield Street
199,Occupied,Unoccupied,Occupied,Occupied,Occupied,Occupied,Unoccupied,Occupied,Occupied,Occupied,Occupied,Unoccupied,Occupied,Occupied,Occupied,W. Springfield Street
200,Occupied,Occupied,Occupied,Occupied,Occupied,Occupied,Occupied,Occupied,Occupied,Occupied,Occupied,Occupied,Occupied,Occupied,Occupied,W. Springfield Street
201,Occupied,Occupied,Occupied,Occupied,Occupied,Occupied,Occupied,Occupied,Occupied,Occupied,Occupied,Unoccupied,Occupied,Occupied,Occupied,W. Springfield Street
202,Unoccupied,Unoccupied,Unoccupied,Unoccupied,Unoccupied,Unoccupied,Unoccupied,Unoccupied,Unoccupied,Unoccupied,Unoccupied,Unoccupied,Unoccupied,Unoccupied,Unoccupied,W. Springfield Street
203,Occupied,Occupied,Occupied,Occupied,Occupied,Occupied,Occupied,Occupied,Occupied,Occupied,Unoccupied,Occupied,Occupied,Occupied,Occupied,W. Springfield Street
204,Occupied,Occupied,Occupied,Occupied,Occupied,Unoccupied,Unoccupied,Unoccupied,Unoccupied,Unoccupied,Occupied,Occupied,Occupied,Occupied,Occupied,W. Springfield Street
205,Occupied,Occupied,Occupied,Occupied,Occupied,Occupied,Occupied,Occupied,Occupied,Occupied,Occupied,Occupied,Occupied,Occupied,Occupied,W. Springfield Street
206,Occupied,Occupied,Occupied,Occupied,Occupied,Occupied,Occupied,Occupied,Occupied,Occupied,Occupied,Occupied,Occupied,Occupied,Occupied,W. Springfield Street
207,Unoccupied,Unoccupied,Unoccupied,Unoccupied,Occupied,Occupied,Occupied,Occupied,Occupied,Occupied,Occupied,Occupied,Occupied,Occupied,Occupied,W. Springfield Street
208,Occupied,Occupied,Occupied,Occupied,Occupied,Occupied,Occupied,Occupied,Occupied,Occupied,Occupied,Occupied,Occupied,Occupied,Occupied,W. Springfield Street
209,Occupied,Occupied,Occupied,Occupied,Occupied,Occupied,Occupied,Occupied,Occupied,Occupied,Occupied,Occupied,Occupied,Occupied,Occupied,W. Springfield Street
210,Occupied,Occupied,Occupied,Occupied,Occupied,Occupied,Occupied,Occupied,Occupied,Occupied,Occupied,Occupied,Occupied,Occupied,Occupied,W. Springfield Street
211,Occupied,Occupied,Occupied,Occupied,Occupied,Occupied,Unoccupied,Unoccupied,Occupied,Occupied,Occupied,Occupied,Occupied,Occupied,Occupied,W. Springfield Street
212,Occupied,Occupied,Unoccupied,Unoccupied,Occupied,Occupied,Occupied,Occupied,Occupied,Occupied,Occupied,Occupied,Occupied,Occupied,Occupied,W. Springfield Street
213,Occupied,Occupied,Occupied,Occupied,Occupied,Occupied,Occupied,Occupied,Occupied,Occupied,Occupied,Occupied,Occupied,Occupied,Occupied,W. Springfield Street
214,Occupied,Occupied,Occupied,Occupied,Occupied,Occupied,Occupied,Occupied,Occupied,Occupied,Occupied,Occupied,Occupied,Occupied,Occupied,W. Springfield Street
215,Occupied,Occupied,Occupied,Occupied,Occupied,Occupied,Occupied,Occupied,Occupied,Occupied,Occupied,Occupied,Occupied,Occupied,Occupied,W. Springfield Street
216,Unoccupied,Unoccupied,Unoccupied,Unoccupied,Unoccupied,Unoccupied,Unoccupied,Unoccupied,Unoccupied,Unoccupied,Unoccupied,Unoccupied,Occupied,Occupied,Occupied,W. Springfield Street
217,Occupied,Occupied,Occupied,Occupied,Occupied,Occupied,Occupied,Occupied,Occupied,Unoccupied,Unoccupied,Occupied,Occupied,Occupied,Occupied,W. Springfield Street
218,Occupied,Occupied,Occupied,Occupied,Occupied,Occupied,Occupied,Occupied,Occupied,Unoccupied,Occupied,Occupied,Occupied,Occupied,Occupied,W. Springfield Street
219,Occupied,Occupied,Occupied,Occupied,Occupied,Occupied,Occupied,Occupied,Occupied,Unoccupied,Unoccupied,Unoccupied,Occupied,Occupied,Occupied,W. Springfield Street
220,Occupied,Occupied,Unoccupied,Unoccupied,Unoccupied,Unoccupied,Unoccupied,Unoccupied,Unoccupied,Occupied,Occupied,Occupied,Occupied,Occupied,Occupied,W. Springfield Street
221,Occupied,Occupied,Occupied,Occupied,Occupied,Occupied,Occupied,Occupied,Occupied,Occupied,Occupied,Occupied,Occupied,Occupied,Occupied,W. Springfield Street
222,Occupied,Occupied,Occupied,Occupied,Occupied,Occupied,Occupied,Occupied,Occupied,Occupied,Occupied,Occupied,Occupied,Occupied,Occupied,W. Springfield Street
223,Unoccupied,Occupied,Unoccupied,Unoccupied,Unoccupied,Unoccupied,Occupied,Occupied,Occupied,Occupied,Occupied,Occupied,Occupied,Occupied,Occupied,W. Springfield Street
224,Occupied,Occupied,Occupied,Occupied,Occupied,Occupied,Occupied,Occupied,Occupied,Occupied,Occupied,Occupied,Occupied,Occupied,Occupied,W. Springfield Street
225,Occupied,Occupied,Occupied,Occupied,Occupied,Occupied,Occupied,Occupied,Occupied,Occupied,Occupied,Occupied,Occupied,Occupied,Occupied,W. Springfield Street
226,Occupied,Occupied,Occupied,Occupied,Occupied,Occupied,Occupied,Occupied,Occupied,Occupied,Occupied,Occupied,Occupied,Occupied,Occupied,W. Springfield Street
227,Occupied,Occupied,Occupied,Occupied,Occupied,Occupied,Occupied,Occupied,Occupied,Occupied,Occupied,Occupied,Occupied,Occupied,Occupied,W. Springfield Street
228,Occupied,Occupied,Occupied,Occupied,Occupied,Occupied,Occupied,Occupied,Occupied,Occupied,Occupied,Occupied,Occupied,Occupied,Occupied,W. Springfield Street
229,Occupied,Occupied,Occupied,Occupied,Occupied,Occupied,Occupied,Occupied,Occupied,Occupied,Occupied,Occupied,Occupied,Occupied,Occupied,W. Springfield Street
230,Occupied,Occupied,Occupied,Occupied,Occupied,Occupied,Occupied,Occupied,Occupied,Unoccupied,Occupied,Occupied,Occupied,Occupied,Occupied,W. Springfield Street
231,Occupied,Occupied,Occupied,Occupied,Occupied,Occupied,Occupied,Occupied,Occupied,Occupied,Occupied,Occupied,Occupied,Occupied,Occupied,W. Springfield Street
232,Unoccupied,Occupied,Occupied,Occupied,Occupied,Occupied,Occupied,Occupied,Occupied,Occupied,Occupied,Occupied,Occupied,Occupied,Occupied,W. Springfield Street
233,Occupied,Occupied,Occupied,Occupied,Occupied,Occupied,Occupied,Occupied,Unoccupied,Unoccupied,Unoccupied,Occupied,Occupied,Occupied,Occupied,W. Springfield Street
234,Occupied,Occupied,Occupied,Occupied,Unoccupied,Occupied,Occupied,Occupied,Occupied,Occupied,Occupied,Occupied,Occupied,Occupied,Occupied,W. Springfield Street
235,Unoccupied,Occupied,Occupied,Occupied,Unoccupied,Occupied,Occupied,Occupied,Occupied,Occupied,Occupied,Occupied,Occupied,Occupied,Occupied,W. Springfield Street
236,Occupied,Occupied,Occupied,Occupied,Occupied,Occupied,Occupied,Occupied,Occupied,Occupied,Occupied,Occupied,Occupied,Occupied,Occupied,W. Springfield Street
338,Occupied,Occupied,Occupied,Occupied,Occupied,Occupied,Occupied,Occupied,Occupied,Occupied,Occupied,Occupied,Occupied,Occupied,Occupied,W. Springfield Street
339,Occupied,Occupied,Unoccupied,Unoccupied,Occupied,Occupied,Occupied,Occupied,Unoccupied,Occupied,Occupied,Unoccupied,Occupied,Occupied,Occupied,W. Springfield Street
340,Occupied,Occupied,Occupied,Occupied,Occupied,Occupied,Occupied,Occupied,Occupied,Occupied,Occupied,Occupied,Occupied,Occupied,Occupied,W. Springfield Street
341,Occupied,Occupied,Occupied,Unoccupied,Occupied,Occupied,Occupied,Occupied,Occupied,Occupied,Occupied,Occupied,Occupied,Occupied,Occupied,W. Springfield Street
342,Occupied,Occupied,Occupied,Occupied,Occupied,Occupied,Occupied,Occupied,Occupied,Occupied,Occupied,Occupied,Occupied,Occupied,Occupied,W. Springfield Street
343,Occupied,Occupied,Occupied,Occupied,Occupied,Occupied,Occupied,Occupied,Occupied,Occupied,Occupied,Occupied,Occupied,Occupied,Occupied,W. Springfield Street
344,Unoccupied,Occupied,Occupied,Occupied,Occupied,Occupied,Occupied,Occupied,Occupied,Occupied,Occupied,Occupied,Occupied,Occupied,Occupied,W. Springfield Street
345,Unoccupied,Unoccupied,Unoccupied,Unoccupied,Occupied,Occupied,Occupied,Occupied,Occupied,Occupied,Occupied,Occupied,Occupied,Occupied,Occupied,W. Springfield Street
346,Unoccupied,Unoccupied,Unoccupied,Unoccupied,Unoccupied,Unoccupied,Unoccupied,Unoccupied,Unoccupied,Occupied,Occupied,Occupied,Occupied,Occupied,Occupied,W. Springfield Street
347,Occupied,Occupied,Occupied,Occupied,Occupied,Occupied,Occupied,Occupied,Occupied,Occupied,Occupied,Occupied,Occupied,Occupied,Occupied,W. Springfield Street
348,Unoccupied,Unoccupied,Unoccupied,Unoccupied,Unoccupied,Occupied,Unoccupied,Unoccupied,Unoccupied,Unoccupied,Unoccupied,Occupied,Occupied,Occupied,Occupied,W. Springfield Street
349,Occupied,Unoccupied,Unoccupied,Occupied,Unoccupied,Unoccupied,Unoccupied,Unoccupied,Unoccupied,Unoccupied,Unoccupied,Unoccupied,Occupied,Occupied,Unoccupied,W. Springfield Street
350,Unoccupied,Unoccupied,Unoccupied,Unoccupied,Unoccupied,Unoccupied,Unoccupied,Unoccupied,Unoccupied,Unoccupied,Unoccupied,Occupied,Occupied,Occupied,Unoccupied,W. Springfield Street
351,Occupied,Occupied,Unoccupied,Occupied,Unoccupied,Unoccupied,Unoccupied,Unoccupied,Unoccupied,Unoccupied,Unoccupied,Unoccupied,Unoccupied,Occupied,Occupied,W. Springfield Street
352,Occupied,Occupied,Occupied,Unoccupied,Occupied,Occupied,Occupied,Unoccupied,Unoccupied,Occupied,Occupied,Occupied,Occupied,Occupied,Occupied,W. Springfield Street
353,Occupied,Occupied,Occupied,Occupied,Occupied,Occupied,Occupied,Occupied,Occupied,Occupied,Occupied,Occupied,Occupied,Occupied,Occupied,W. Springfield Street
354,Unoccupied,Unoccupied,Unoccupied,Unoccupied,Unoccupied,Unoccupied,Unoccupied,Unoccupied,Unoccupied,Unoccupied,Unoccupied,Unoccupied,Unoccupied,Unoccupied,Unoccupied,W. Springfield Street
355,Occupied,Occupied,Occupied,Unoccupied,Unoccupied,Occupied,Occupied,Occupied,Occupied,Unoccupied,Unoccupied,Unoccupied,Occupied,Occupied,Occupied,W. Springfield Street
356,Occupied,Unoccupied,Unoccupied,Occupied,Occupied,Unoccupied,Occupied,Occupied,Occupied,Unoccupied,Unoccupied,Unoccupied,Occupied,Occupied,Occupied,W. Springfield Street
357,Occupied,Occupied,Occupied,Occupied,Occupied,Occupied,Occupied,Unoccupied,Occupied,Unoccupied,Unoccupied,Occupied,Occupied,Occupied,Occupied,W. Springfield Street
358,Occupied,Unoccupied,Unoccupied,Unoccupied,Unoccupied,Unoccupied,Unoccupied,Occupied,Occupied,Occupied,Occupied,Occupied,Occupied,Occupied,Occupied,W. Springfield Street
359,Unoccupied,Unoccupied,Unoccupied,Unoccupied,Unoccupied,Unoccupied,Unoccupied,Unoccupied,Unoccupied,Unoccupied,Unoccupied,Unoccupied,Unoccupied,Unoccupied,Unoccupied,W. Springfield Street
360,Occupied,Occupied,Unoccupied,Occupied,Unoccupied,Occupied,Occupied,Occupied,Occupied,Occupied,Occupied,Occupied,Occupied,Occupied,Occupied,W. Springfield Street
361,Occupied,Occupied,Occupied,Occupied,Occupied,Occupied,Occupied,Occupied,Occupied,Occupied,Occupied,Occupied,Occupied,Occupied,Occupied,W. Springfield Street
362,Occupied,Occupied,Occupied,Occupied,Occupied,Occupied,Occupied,Occupied,Occupied,Occupied,Occupied,Occupied,Occupied,Occupied,Occupied,W. Springfield Street
363,Occupied,Occupied,Occupied,Occupied,Occupied,Occupied,Occupied,Occupied,Occupied,Occupied,Occupied,Occupied,Occupied,Occupied,Occupied,W. Springfield Street
364,Unoccupied,Unoccupied,Unoccupied,Unoccupied,Unoccupied,Unoccupied,Unoccupied,Unoccupied,Unoccupied,Unoccupied,Unoccupied,Unoccupied,Unoccupied,Unoccupied,Unoccupied,W. Springfield Street
365,Occupied,Occupied,Occupied,Occupied,Occupied,Occupied,Occupied,Occupied,Occupied,Occupied,Occupied,Occupied,Occupied,Occupied,Occupied,W. Springfield Street
366,Occupied,Occupied,Occupied,Occupied,Occupied,Occupied,Occupied,Occupied,Occupied,Occupied,Occupied,Occupied,Occupied,Occupied,Occupied,W. Springfield Street
367,Occupied,Unoccupied,Unoccupied,Unoccupied,Unoccupied,Unoccupied,Unoccupied,Unoccupied,Occupied,Unoccupied,Occupied,Occupied,Occupied,Occupied,Occupied,W. Springfield Street
368,Occupied,Occupied,Occupied,Occupied,Occupied,Occupied,Occupied,Occupied,Occupied,Occupied,Occupied,Occupied,Occupied,Occupied,Occupied,W. Springfield Street
369,Occupied,Occupied,Occupied,Occupied,Occupied,Occupied,Occupied,Occupied,Occupied,Occupied,Occupied,Occupied,Occupied,Occupied,Occupied,W. Springfield Street
370,Occupied,Occupied,Occupied,Occupied,Occupied,Occupied,Occupied,Occupied,Occupied,Occupied,Occupied,Occupied,Occupied,Occupied,Occupied,W. Springfield Street
371,Occupied,Occupied,Occupied,Occupied,Occupied,Occupied,Occupied,Occupied,Occupied,Unoccupied,Unoccupied,Occupied,Occupied,Occupied,Occupied,W. Springfield Street
372,Occupied,Occupied,Occupied,Occupied,Occupied,Occupied,Occupied,Occupied,Unoccupied,Occupied,Occupied,Occupied,Occupied,Occupied,Occupied,W. Springfield Street
373,Occupied,Occupied,Occupied,Occupied,Occupied,Occupied,Occupied,Occupied,Occupied,Occupied,Occupied,Occupied,Occupied,Occupied,Occupied,W. Springfield Street
374,Occupied,Unoccupied,Unoccupied,Unoccupied,Unoccupied,Occupied,Occupied,Unoccupied,Unoccupied,Unoccupied,Unoccupied,Occupied,Occupied,Occupied,Occupied,W. Springfield Street
375,Unoccupied,Occupied,Occupied,Unoccupied,Unoccupied,Unoccupied,Unoccupied,Occupied,Occupied,Occupied,Occupied,Occupied,Occupied,Occupied,Occupied,W. Springfield Street
